Type of Smell,Name,Lines of Code,Comment-to-Code Ratio,Number of Directly-Used Elements,Number of Outgoing Invocations,Name of Owner Class,Number of Parameters
Class,FakeYDL,26,0.14285699999999998,0,1,-,-
Class,TestIE,2,0.0,0,0,-,-
Class,TestInfoExtractor,722,0.025531900000000003,1,0,-,-
Class,TestAES,42,0.0263158,0,0,-,-
Class,TestAgeRestriction,12,0.0,0,1,-,-
Class,TestAllURLsMatching,118,0.0686275,0,0,-,-
Class,YoutubeDL,13,0.0909091,0,0,-,-
Class,TestDownload,21,0.22222199999999998,0,1,-,-
Class,HTTPTestRequestHandler,42,0.0,0,0,-,-
Class,FakeLogger,9,0.0,0,0,-,-
Class,TestHttpFD,32,0.0,2,1,-,-
Class,IqiyiIEWithCredentials,3,0.0,0,0,-,-
Class,WarningLogger,12,0.0,0,0,-,-
Class,TestIqiyiSDKInterpreter,11,0.3125,2,0,-,-
Class,TestJSInterpreter,100,0.012345700000000001,0,0,-,-
Class,TestNetRc,8,0.0,0,0,-,-
Class,TestOptions,9,0.0,0,0,-,-
Class,TestMetadataFromTitle,4,0.0,0,0,-,-
Class,TestMultipleSocks,53,0.0,0,0,-,-
Class,TestSocks,36,0.0,0,0,-,-
Class,BaseTestSubtitles,23,0.0,0,0,-,-
Class,TestYoutubeSubtitles,48,0.0238095,1,1,-,-
Class,TestDailymotionSubtitles,21,0.0,1,1,-,-
Class,TestTedSubtitles,13,0.0,1,1,-,-
Class,TestVimeoSubtitles,19,0.0,1,1,-,-
Class,TestWallaSubtitles,19,0.0,1,1,-,-
Class,TestCeskaTelevizeSubtitles,19,0.0,1,1,-,-
Class,TestLyndaSubtitles,10,0.0,1,1,-,-
Class,TestNPOSubtitles,10,0.0,1,1,-,-
Class,TestMTVSubtitles,13,0.0,1,1,-,-
Class,TestNRKSubtitles,10,0.0,1,1,-,-
Class,TestRaiPlaySubtitles,10,0.0,1,1,-,-
Class,TestVikiSubtitles,10,0.0,1,1,-,-
Class,TestThePlatformSubtitles,12,0.181818,1,1,-,-
Class,TestThePlatformFeedSubtitles,10,0.0,1,1,-,-
Class,TestRtveSubtitles,12,0.0,1,1,-,-
Class,TestFunnyOrDieSubtitles,10,0.0,1,1,-,-
Class,TestDemocracynowSubtitles,18,0.0,1,1,-,-
Class,TestSWFInterpreter,2,0.0,0,0,-,-
Class,TestUnicodeLiterals,32,0.1,0,0,-,-
Class,TestUpdate,11,0.0,0,0,-,-
Class,TestVerboseOutput,52,0.0,0,0,-,-
Class,YoutubeDL,4,0.0,0,0,-,-
Class,TestAnnotations,36,0.171429,1,0,-,-
Class,TestYoutubeLists,49,0.0444444,0,0,-,-
Class,TestSignature,6,0.0,0,0,-,-
Class,YoutubeDL,2280,0.183192,1,16,-,-
Class,Cache,79,0.014925399999999998,0,0,-,-
Class,JSInterpreter,233,0.024038499999999997,0,1,-,-
Class,Socks4Command,3,0.0,0,0,-,-
Class,Socks5Command,2,0.0,1,0,-,-
Class,Socks5Auth,5,0.166667,0,0,-,-
Class,Socks5AddressType,4,0.0,0,0,-,-
Class,ProxyError,7,0.0,0,0,-,-
Class,InvalidVersionError,5,0.0,1,0,-,-
Class,Socks4Error,8,0.0,1,0,-,-
Class,Socks5Error,15,0.0,1,0,-,-
Class,ProxyType,4,0.0,0,0,-,-
Class,sockssocket,163,0.0,5,0,-,-
Class,_AVMClass_Object,6,0.0,0,0,-,-
Class,_ScopeDict,9,0.0,0,0,-,-
Class,_AVMClass,24,0.0,2,0,-,-
Class,_Multiname,6,0.0,0,0,-,-
Class,_Undefined,11,0.0,0,0,-,-
Class,SWFInterpreter,650,0.177596,3,9,-,-
Class,Counter,7,0.0,0,1,-,-
Class,FileDownloader,370,0.16964300000000002,0,0,-,-
Class,DashSegmentsFD,70,0.213115,0,0,-,-
Class,ExternalFD,83,0.057142899999999996,0,0,-,-
Class,CurlFD,29,0.04,1,4,-,-
Class,AxelFD,10,0.0,1,1,-,-
Class,WgetFD,13,0.0,1,3,-,-
Class,Aria2cFD,18,0.0,1,3,-,-
Class,HttpieFD,10,0.0,1,0,-,-
Class,FFmpegFD,129,0.2,1,2,-,-
Class,AVconvFD,2,0.0,1,0,-,-
Class,DataTruncatedError,2,0.0,0,0,-,-
Class,FlvReader,155,0.19148900000000002,1,0,-,-
Class,F4mFD,180,0.152866,1,8,-,-
Class,HttpQuietDownloader,3,0.0,0,0,-,-
Class,FragmentFD,247,0.175676,1,0,-,-
Class,HlsFD,180,0.12121199999999999,0,1,-,-
Class,HttpFD,328,0.16263,4,2,-,-
Class,IsmFD,54,0.0652174,0,2,-,-
Class,RtmpFD,192,0.049723800000000005,0,1,-,-
Class,RtspFD,35,0.0,0,0,-,-
Class,ABCIE,83,0.0,0,0,-,-
Class,ABCIViewIE,88,0.0125,0,1,-,-
Class,AbcNewsVideoIE,46,0.0227273,0,0,-,-
Class,AbcNewsIE,84,0.038961,0,0,-,-
Class,ABCOTVSIE,62,0.0178571,0,0,-,-
Class,ABCOTVSClipsIE,36,0.0294118,0,0,-,-
Class,AcademicEarthCourseIE,34,0.0,0,0,-,-
Class,AddAnimeIE,78,0.0,0,0,-,-
Class,AdobePassIE,248,0.038961,0,5,-,-
Class,AdobeTVBaseIE,2,0.0,0,0,-,-
Class,AdobeTVIE,46,0.0,1,0,-,-
Class,AdobeTVPlaylistBaseIE,11,0.0,1,0,-,-
Class,AdobeTVShowIE,29,0.0,1,1,-,-
Class,AdobeTVChannelIE,25,0.0,1,1,-,-
Class,AdobeTVVideoIE,57,0.06,0,0,-,-
Class,AdultSwimIE,147,0.0294118,0,0,-,-
Class,AENetworksBaseIE,3,0.0,0,0,-,-
Class,AENetworksIE,133,0.00763359,1,0,-,-
Class,HistoryTopicIE,80,0.012987,1,0,-,-
Class,AirMozillaIE,53,0.0,0,0,-,-
Class,AliExpressLiveIE,42,0.0,0,0,-,-
Class,AlJazeeraIE,28,0.0,0,0,-,-
Class,AlphaPornoIE,66,0.0,0,0,-,-
Class,AMCNetworksIE,106,0.00952381,0,0,-,-
Class,AmericasTestKitchenIE,73,0.0,0,0,-,-
Class,AMPIE,88,0.0125,0,1,-,-
Class,AnimeOnDemandIE,277,0.0327869,0,2,-,-
Class,AnitubeIE,25,0.0,0,0,-,-
Class,AnvatoIE,284,0.0155039,0,1,-,-
Class,AnySexIE,50,0.0,0,0,-,-
Class,AppleConnectIE,40,0.0,0,0,-,-
Class,AppleTrailersIE,196,0.022346400000000002,0,0,-,-
Class,AppleTrailersSectionIE,71,0.0,0,0,-,-
Class,ArchiveOrgIE,56,0.0,0,1,-,-
Class,ArkenaIE,115,0.0373832,0,0,-,-
Class,AsianCrushIE,56,0.0,0,0,-,-
Class,AsianCrushPlaylistIE,42,0.0,0,0,-,-
Class,AtresPlayerIE,183,0.025477700000000002,0,0,-,-
Class,ATTTechChannelIE,49,0.0232558,0,0,-,-
Class,ATVAtIE,62,0.0,0,0,-,-
Class,AudiMediaIE,83,0.0131579,0,0,-,-
Class,AudioBoomIE,62,0.0,0,1,-,-
Class,AudiomackIE,57,0.173077,0,0,-,-
Class,AudiomackAlbumIE,71,0.173913,0,0,-,-
Class,AWSIE,67,0.07142860000000001,0,3,-,-
Class,BambuserIE,84,0.0547945,0,0,-,-
Class,BambuserChannelIE,40,0.07692310000000001,0,0,-,-
Class,BandcampIE,191,0.0227273,0,1,-,-
Class,BandcampAlbumIE,108,0.0288462,0,0,-,-
Class,BandcampWeeklyIE,87,0.025641000000000004,0,0,-,-
Class,BeamProBaseIE,12,0.0,0,0,-,-
Class,BeamProLiveIE,67,0.0,1,2,-,-
Class,BeamProVodIE,89,0.0,1,1,-,-
Class,BeatportIE,93,0.0,0,0,-,-
Class,BeegIE,122,0.00943396,0,1,-,-
Class,BellMediaIE,75,0.0,0,0,-,-
Class,BetIE,74,0.0307692,0,0,-,-
Class,BigflixIE,66,0.03508769999999999,0,1,-,-
Class,BitChuteIE,59,0.0,0,0,-,-
Class,BitChuteChannelIE,49,0.0,0,0,-,-
Class,BleacherReportIE,74,0.0,0,0,-,-
Class,BleacherReportCMSIE,18,0.0,0,0,-,-
Class,BlinkxIE,75,0.0,0,0,-,-
Class,BostonGlobeIE,60,0.037037,0,0,-,-
Class,BravoTVIE,63,0.0,0,0,-,-
Class,BreakIE,79,0.0142857,0,1,-,-
Class,BusinessInsiderIE,35,0.0,0,0,-,-
Class,BuzzFeedIE,88,0.011904799999999998,0,0,-,-
Class,BYUtvIE,51,0.0,0,0,-,-
Class,CamModelsIE,85,0.012987,0,0,-,-
Class,CamTubeIE,59,0.0,0,0,-,-
Class,CamWithHerIE,75,0.015151499999999998,0,0,-,-
Class,CanvasIE,74,0.0,0,0,-,-
Class,CanvasEenIE,81,0.0131579,0,0,-,-
Class,VrtNUIE,138,0.08333330000000001,0,0,-,-
Class,CartoonNetworkIE,34,0.030302999999999997,0,0,-,-
Class,CBSBaseIE,9,0.0,0,0,-,-
Class,CBSIE,84,0.012658200000000001,1,0,-,-
Class,CBSInteractiveIE,94,0.0227273,0,0,-,-
Class,CBSNewsIE,84,0.051282100000000004,0,0,-,-
Class,CBSNewsLiveVideoIE,37,0.03125,0,0,-,-
Class,CBSSportsIE,33,0.0333333,0,0,-,-
Class,CCCIE,68,0.0,0,0,-,-
Class,Channel9IE,247,0.00452489,0,1,-,-
Class,CharlieRoseIE,48,0.0,0,0,-,-
Class,ChaturbateIE,69,0.016393400000000002,0,0,-,-
Class,ChilloutzoneIE,82,0.054054099999999994,0,0,-,-
Class,ChirbitIE,58,0.0384615,0,0,-,-
Class,ChirbitProfileIE,21,0.0,0,0,-,-
Class,CinchcastIE,48,0.0652174,0,0,-,-
Class,CliphunterIE,70,0.0,0,1,-,-
Class,ClippitIE,61,0.0,0,0,-,-
Class,ClipRsIE,27,0.0,0,0,-,-
Class,ClipsyndicateIE,45,0.025641000000000004,0,1,-,-
Class,CloserToTruthIE,84,0.0,0,0,-,-
Class,CloudflareStreamIE,52,0.0,0,0,-,-
Class,CloudyIE,50,0.0,0,0,-,-
Class,ClypIE,69,0.0,0,0,-,-
Class,CMTIE,49,0.0,0,0,-,-
Class,CNBCIE,29,0.035714300000000004,0,0,-,-
Class,CNBCVideoIE,27,0.0,0,0,-,-
Class,CNNIE,91,0.045977,0,0,-,-
Class,CNNBlogsIE,24,0.0,0,0,-,-
Class,CNNArticleIE,24,0.0,0,0,-,-
Class,ComCarCoffIE,62,0.0,0,0,-,-
Class,ComedyCentralIE,21,0.0,0,0,-,-
Class,ComedyCentralFullEpisodesIE,24,0.0,0,0,-,-
Class,ToshIE,31,0.0333333,0,0,-,-
Class,ComedyCentralTVIE,31,0.07142860000000001,0,0,-,-
Class,ComedyCentralShortnameIE,21,0.0,0,0,-,-
Class,CommonMistakesIE,23,0.0454545,0,0,-,-
Class,UnicodeBOMIE,17,0.13333299999999998,0,0,-,-
Class,RtmpIE,24,0.043478300000000004,0,0,-,-
Class,MmsIE,26,0.12,0,0,-,-
Class,CorusIE,86,0.0,0,0,-,-
Class,CoubIE,127,0.00925926,0,0,-,-
Class,CrackedIE,78,0.0147059,0,0,-,-
Class,CrackleIE,147,0.022388099999999998,0,0,-,-
Class,CrooksAndLiarsIE,51,0.0,0,0,-,-
Class,CSpanIE,177,0.0361446,0,1,-,-
Class,CTVNewsIE,59,0.0,0,1,-,-
Class,CultureUnpluggedIE,58,0.0192308,0,0,-,-
Class,CuriosityStreamBaseIE,100,0.0,0,0,-,-
Class,CuriosityStreamIE,18,0.0,1,2,-,-
Class,CuriosityStreamCollectionIE,23,0.0,1,2,-,-
Class,CWTVIE,83,0.025,0,0,-,-
Class,DailyMailIE,69,0.0,0,0,-,-
Class,DaisukiMottoIE,94,0.0519481,0,0,-,-
Class,DaisukiMottoPlaylistIE,32,0.0,0,0,-,-
Class,DeezerPlaylistIE,78,0.013888900000000001,0,0,-,-
Class,DefenseGouvFrIE,34,0.0,0,0,-,-
Class,DemocracynowIE,82,0.0144928,0,1,-,-
Class,DFBIE,49,0.0227273,0,0,-,-
Class,DHMIE,53,0.0,0,0,-,-
Class,DiggIE,50,0.0681818,0,0,-,-
Class,DiscoveryIE,84,0.025641000000000004,0,0,-,-
Class,DiscoveryGoBaseIE,78,0.0,0,0,-,-
Class,DiscoveryGoIE,35,0.0,1,1,-,-
Class,DiscoveryGoPlaylistIE,41,0.0,1,0,-,-
Class,DiscoveryVRIE,52,0.0,0,0,-,-
Class,DisneyIE,154,0.0405405,0,0,-,-
Class,DigitallySpeakingIE,104,0.0526316,0,0,-,-
Class,DotsubIE,74,0.0,0,0,-,-
Class,DramaFeverBaseIE,54,0.0222222,0,0,-,-
Class,DramaFeverIE,135,0.016128999999999998,1,0,-,-
Class,DramaFeverSeriesIE,51,0.0217391,1,0,-,-
Class,DRBonanzaIE,47,0.0,0,1,-,-
Class,DreiSatIE,178,0.01875,0,0,-,-
Class,DrTuberIE,95,0.0,0,1,-,-
Class,DTubeIE,69,0.0,0,1,-,-
Class,DumpertIE,56,0.0,0,0,-,-
Class,EbaumsWorldIE,28,0.0,0,0,-,-
Class,EggheadCourseIE,43,0.0,0,0,-,-
Class,EggheadLessonIE,70,0.0,0,0,-,-
Class,EHowIE,32,0.0,0,0,-,-
Class,EinthusanIE,83,0.0144928,0,0,-,-
Class,EllenTubeBaseIE,38,0.0,0,1,-,-
Class,EllenTubeIE,34,0.0,1,1,-,-
Class,EllenTubeVideoIE,14,0.0,1,1,-,-
Class,EllenTubePlaylistIE,28,0.0,1,2,-,-
Class,EmbedlyIE,9,0.0,0,0,-,-
Class,EngadgetIE,22,0.1,0,0,-,-
Class,EpornerIE,112,0.020408199999999998,0,1,-,-
Class,EroProfileIE,83,0.0,0,0,-,-
Class,EscapistIE,69,0.0,0,1,-,-
Class,ESPNIE,160,0.0,0,1,-,-
Class,ESPNArticleIE,31,0.0,0,0,-,-
Class,FiveThirtyEightIE,29,0.0,0,0,-,-
Class,EsriVideoIE,60,0.0,0,0,-,-
Class,EuropaIE,78,0.0,0,1,-,-
Class,EveryonesMixtapeIE,66,0.0169492,0,0,-,-
Class,ExpoTVIE,68,0.0,0,0,-,-
Class,ExtremeTubeIE,44,0.0,0,0,-,-
Class,FilmOnIE,78,0.0,0,0,-,-
Class,FilmOnChannelIE,82,0.05333330000000001,0,0,-,-
Class,FilmwebIE,35,0.0,0,0,-,-
Class,FiveMinIE,49,0.0638298,0,0,-,-
Class,FlickrIE,102,0.0106383,0,0,-,-
Class,FlipagramIE,102,0.021978,0,0,-,-
Class,FootyRoomIE,49,0.0,0,0,-,-
Class,Formula1IE,27,0.0384615,0,0,-,-
Class,FourTubeBaseIE,93,0.0,0,0,-,-
Class,FourTubeIE,28,0.0,1,0,-,-
Class,FuxIE,29,0.0,1,0,-,-
Class,PornTubeIE,98,0.0,1,1,-,-
Class,PornerBrosIE,29,0.0,1,0,-,-
Class,FOXIE,116,0.0288462,0,0,-,-
Class,FOX9IE,36,0.0,0,0,-,-
Class,FoxgayIE,51,0.0444444,0,0,-,-
Class,FoxNewsIE,67,0.03125,0,0,-,-
Class,FoxNewsArticleIE,50,0.043478300000000004,1,1,-,-
Class,FoxSportsIE,34,0.0,0,0,-,-
Class,FranceCultureIE,52,0.0,0,0,-,-
Class,FranceInterIE,49,0.0,0,0,-,-
Class,FreesoundIE,66,0.0,0,0,-,-
Class,FreespeechIE,29,0.0,0,0,-,-
Class,FrontendMastersBaseIE,52,0.025,0,0,-,-
Class,FrontendMastersPageBaseIE,53,0.0,1,0,-,-
Class,FrontendMastersIE,59,0.0,1,0,-,-
Class,FrontendMastersLessonIE,33,0.0,1,3,-,-
Class,FrontendMastersCourseIE,40,0.0,2,3,-,-
Class,FunimationIE,135,0.0162602,0,1,-,-
Class,FunnyOrDieIE,149,0.0,0,0,-,-
Class,FusionIE,29,0.0,0,0,-,-
Class,FXNetworksIE,64,0.0,0,0,-,-
Class,GameInformerIE,27,0.0,0,0,-,-
Class,GameSpotIE,121,0.017093999999999998,0,0,-,-
Class,GDCVaultIE,162,0.0723684,0,0,-,-
Class,GfycatIE,101,0.0,0,0,-,-
Class,GiantBombIE,73,0.0,0,0,-,-
Class,GigyaBaseIE,12,0.0,0,0,-,-
Class,GlideIE,37,0.0,0,0,-,-
Class,GoIE,203,0.035532999999999995,0,0,-,-
Class,Go90IE,133,0.0,0,0,-,-
Class,GodTubeIE,47,0.0,0,0,-,-
Class,GolemIE,59,0.0,0,0,-,-
Class,GoogleDriveIE,263,0.0200803,0,1,-,-
Class,GoogleSearchIE,51,0.0444444,0,0,-,-
Class,GoshgayIE,39,0.0,0,0,-,-
Class,GPUTechConfIE,29,0.0,0,0,-,-
Class,GrouponIE,62,0.0,0,0,-,-
Class,HarkIE,27,0.0,0,0,-,-
Class,HBOBaseIE,122,0.0,0,0,-,-
Class,HBOIE,18,0.0,1,1,-,-
Class,HBOEpisodeIE,36,0.0,1,1,-,-
Class,HearThisAtIE,118,0.018181799999999998,0,0,-,-
Class,HellPornoIE,63,0.0,0,0,-,-
Class,HentaiStigmaIE,34,0.0,0,0,-,-
Class,HGTVComShowIE,34,0.0689655,0,0,-,-
Class,HiDiveIE,103,0.0215054,0,0,-,-
Class,HistoricFilmsIE,41,0.0,0,0,-,-
Class,HitboxIE,114,0.00952381,0,0,-,-
Class,HitboxLiveIE,82,0.0263158,1,1,-,-
Class,HitRecordIE,56,0.0,0,0,-,-
Class,HornBunnyIE,39,0.0,0,0,-,-
Class,HotNewHipHopIE,54,0.0,0,0,-,-
Class,HotStarBaseIE,22,0.0,0,0,-,-
Class,HotStarIE,84,0.025641000000000004,1,1,-,-
Class,HotStarPlaylistIE,27,0.0,1,1,-,-
Class,HowcastIE,37,0.0,0,0,-,-
Class,HowStuffWorksIE,78,0.0,0,0,-,-
Class,HRTiBaseIE,81,0.09375,0,0,-,-
Class,HRTiIE,71,0.0,1,0,-,-
Class,HRTiPlaylistIE,34,0.0,1,0,-,-
Class,HuffPostIE,84,0.0133333,0,0,-,-
Class,HypemIE,48,0.0,0,0,-,-
Class,IconosquareIE,75,0.0,0,0,-,-
Class,IGNIE,163,0.03289469999999999,0,0,-,-
Class,OneUPIE,23,0.0,1,0,-,-
Class,PCMagIE,31,0.0,1,0,-,-
Class,ImdbIE,76,0.0,0,0,-,-
Class,ImdbListIE,29,0.0,0,0,-,-
Class,ImgurIE,99,0.0,0,0,-,-
Class,ImgurAlbumIE,36,0.0322581,0,0,-,-
Class,IncIE,53,0.020408199999999998,0,0,-,-
Class,InstagramIE,204,0.010582,0,1,-,-
Class,InstagramUserIE,132,0.0,0,1,-,-
Class,InternazionaleIE,78,0.0,0,0,-,-
Class,InternetVideoArchiveIE,86,0.04,0,0,-,-
Class,ITVIE,248,0.021644999999999998,0,3,-,-
Class,ITVBTCCIE,33,0.07142860000000001,0,0,-,-
Class,JoveIE,69,0.0,0,0,-,-
Class,JWPlatformIE,30,0.0,0,0,-,-
Class,KalturaIE,335,0.05919,0,1,-,-
Class,KankanIE,38,0.0,0,0,-,-
Class,KeekIE,33,0.0,0,0,-,-
Class,KeezMoviesIE,116,0.0,0,1,-,-
Class,KetnetIE,87,0.025,0,0,-,-
Class,KhanAcademyIE,72,0.015151499999999998,0,0,-,-
Class,KickStarterIE,64,0.016128999999999998,0,0,-,-
Class,KonserthusetPlayIE,112,0.0,0,0,-,-
Class,Ku6IE,27,0.0,0,0,-,-
Class,KUSIIE,71,0.016128999999999998,0,0,-,-
Class,LCIIE,20,0.0,0,0,-,-
Class,LearnrIE,27,0.0,0,0,-,-
Class,LemondeIE,53,0.041666699999999994,0,0,-,-
Class,LibraryOfCongressIE,128,0.043478300000000004,0,0,-,-
Class,LibsynIE,74,0.015151499999999998,0,0,-,-
Class,LimelightBaseIE,210,0.0307692,0,1,-,-
Class,LimelightMediaIE,64,0.0327869,1,2,-,-
Class,LimelightChannelIE,42,0.0,1,2,-,-
Class,LimelightChannelListIE,37,0.0,1,1,-,-
Class,LineTVIE,81,0.0147059,0,0,-,-
Class,LinkedInLearningBaseIE,53,0.0,0,0,-,-
Class,LinkedInLearningIE,63,0.0,1,2,-,-
Class,LinkedInLearningCourseIE,41,0.0,1,2,-,-
Class,LiveLeakIE,137,0.046875,0,0,-,-
Class,LiveLeakEmbedIE,25,0.047619,1,0,-,-
Class,LivestreamIE,202,0.0,0,0,-,-
Class,LivestreamOriginalIE,122,0.027027,0,0,-,-
Class,LivestreamShortenerIE,14,0.2,0,0,-,-
Class,LocalNews8IE,39,0.0,0,0,-,-
Class,LoveHomePornIE,30,0.0,0,0,-,-
Class,LRTIE,80,0.0405405,0,0,-,-
Class,LyndaBaseIE,68,0.07272730000000001,0,0,-,-
Class,LyndaIE,169,0.013698599999999998,1,0,-,-
Class,LyndaCourseIE,75,0.06451609999999999,1,0,-,-
Class,MacGameStoreIE,36,0.0,0,0,-,-
Class,MakerTVIE,26,0.0,0,0,-,-
Class,MangomoloBaseIE,27,0.0,0,0,-,-
Class,MangomoloVideoIE,4,0.0,1,0,-,-
Class,MangomoloLiveIE,7,0.0,1,0,-,-
Class,ManyVidsIE,41,0.0,0,0,-,-
Class,MassengeschmackTVIE,62,0.0,0,0,-,-
Class,MedialaanIE,254,0.0436681,0,1,-,-
Class,MediasetIE,145,0.0289855,0,2,-,-
Class,MediciIE,59,0.02,0,0,-,-
Class,MegaphoneIE,46,0.0,0,0,-,-
Class,MetacafeIE,267,0.07114619999999999,0,0,-,-
Class,MetacriticIE,55,0.02,0,0,-,-
Class,MgoonIE,74,0.0,0,0,-,-
Class,MicrosoftVirtualAcademyBaseIE,11,0.0,0,0,-,-
Class,MicrosoftVirtualAcademyIE,88,0.0,1,2,-,-
Class,MicrosoftVirtualAcademyCourseIE,75,0.015151499999999998,1,2,-,-
Class,MinhatecaIE,57,0.0,0,0,-,-
Class,MinistryGridIE,48,0.0232558,0,0,-,-
Class,MinotoIE,39,0.0,0,0,-,-
Class,TechTVMITIE,51,0.0,0,0,-,-
Class,MITIE,22,0.0,1,0,-,-
Class,OCWMITIE,65,0.0333333,0,0,-,-
Class,MixcloudIE,171,0.03797469999999999,0,0,-,-
Class,MixcloudPlaylistBaseIE,28,0.0,0,0,-,-
Class,MixcloudUserIE,71,0.015872999999999998,1,1,-,-
Class,MixcloudPlaylistIE,41,0.0,1,1,-,-
Class,MixcloudStreamIE,46,0.0,1,3,-,-
Class,MLBIE,115,0.00869565,0,0,-,-
Class,MoeVideoIE,99,0.0107527,0,0,-,-
Class,MofosexIE,46,0.0238095,0,0,-,-
Class,MorningstarIE,42,0.0,0,0,-,-
Class,MotherlessIE,106,0.010204099999999999,0,0,-,-
Class,MotherlessGroupIE,81,0.0133333,0,0,-,-
Class,MoviezineIE,37,0.0,0,0,-,-
Class,MovingImageIE,43,0.0,0,1,-,-
Class,MTVServicesInfoExtractor,256,0.0412844,0,1,-,-
Class,MTVServicesEmbeddedIE,35,0.0322581,1,3,-,-
Class,MTVIE,23,0.043478300000000004,1,0,-,-
Class,MTV81IE,27,0.04,0,0,-,-
Class,MTVVideoIE,43,0.027027,1,1,-,-
Class,MTVDEIE,65,0.1,1,2,-,-
Class,MusicPlayOnIE,54,0.0,0,0,-,-
Class,MwaveIE,52,0.0208333,0,0,-,-
Class,MwaveMeetGreetIE,26,0.0,1,0,-,-
Class,MyChannelsIE,32,0.0,0,1,-,-
Class,MySpassIE,61,0.07142860000000001,0,0,-,-
Class,MyVidsterIE,24,0.0,0,0,-,-
Class,NationalGeographicVideoIE,51,0.0,0,0,-,-
Class,NationalGeographicIE,90,0.0,0,0,-,-
Class,NationalGeographicEpisodeGuideIE,35,0.0,0,0,-,-
Class,NBAIE,138,0.0393701,0,0,-,-
Class,NBCIE,104,0.0392157,0,0,-,-
Class,NBCSportsVPlayerIE,32,0.0,0,0,-,-
Class,NBCSportsIE,22,0.05,1,1,-,-
Class,NBCSportsStreamIE,57,0.0178571,0,0,-,-
Class,CSNNEIE,25,0.0,0,0,-,-
Class,NBCNewsIE,160,0.0196078,0,0,-,-
Class,NBCOlympicsIE,39,0.030302999999999997,0,0,-,-
Class,NBCOlympicsStreamIE,49,0.0212766,0,0,-,-
Class,NerdCubedFeedIE,28,0.0,0,0,-,-
Class,NetzkinoIE,75,0.0,0,0,-,-
Class,NewgroundsIE,105,0.0107527,0,0,-,-
Class,NewgroundsPlaylistIE,47,0.0243902,0,0,-,-
Class,NFBIE,99,0.0107527,0,0,-,-
Class,NFLIE,215,0.014925399999999998,0,0,-,-
Class,NhkVodIE,45,0.051282100000000004,0,0,-,-
Class,NHLBaseIE,65,0.0,0,0,-,-
Class,NHLIE,47,0.0638298,1,0,-,-
Class,NineCNineMediaIE,88,0.0,0,0,-,-
Class,NineGagIE,96,0.0,0,0,-,-
Class,NineNowIE,76,0.043478300000000004,0,0,-,-
Class,NobelPrizeIE,48,0.0,0,0,-,-
Class,NocoIE,212,0.0225989,0,0,-,-
Class,NonkTubeIE,28,0.0,0,0,-,-
Class,NosVideoIE,58,0.0,0,0,-,-
Class,NovaMovIE,86,0.0,0,1,-,-
Class,WholeCloudIE,22,0.0,1,0,-,-
Class,NowVideoIE,22,0.0,1,0,-,-
Class,VideoWeedIE,22,0.0,1,0,-,-
Class,CloudTimeIE,12,0.0,1,0,-,-
Class,AuroraVidIE,24,0.0,1,0,-,-
Class,NPOBaseIE,5,0.0,0,0,-,-
Class,NPOIE,332,0.0482315,1,3,-,-
Class,NPOLiveIE,36,0.0,1,0,-,-
Class,NPORadioIE,47,0.0,0,0,-,-
Class,NPORadioFragmentIE,31,0.0,0,0,-,-
Class,NPODataMidEmbedIE,12,0.0,0,0,-,-
Class,SchoolTVIE,18,0.0588235,1,0,-,-
Class,HetKlokhuisIE,18,0.0,1,0,-,-
Class,NPOPlaylistBaseIE,16,0.0,1,0,-,-
Class,VPROIE,59,0.0344828,1,0,-,-
Class,WNLIE,14,0.0,1,0,-,-
Class,AndereTijdenIE,14,0.0,1,0,-,-
Class,NprIE,72,0.0,0,0,-,-
Class,NuevoBaseIE,28,0.0,0,0,-,-
Class,NuvidIE,61,0.053571400000000005,0,0,-,-
Class,NZZIE,25,0.0,0,0,-,-
Class,OnceIE,35,0.0588235,0,0,-,-
Class,OnDemandKoreaIE,52,0.0222222,0,0,-,-
Class,OnionStudiosIE,67,0.0,0,0,-,-
Class,OoyalaBaseIE,86,0.0,0,0,-,-
Class,OoyalaIE,62,0.103448,1,1,-,-
Class,OoyalaExternalIE,35,0.030302999999999997,1,1,-,-
Class,PhantomJSwrapper,185,0.195,0,1,-,-
Class,OpenloadIE,144,0.0447761,1,1,-,-
Class,OraTVIE,62,0.0169492,0,0,-,-
Class,PacktPubBaseIE,3,0.0,0,0,-,-
Class,PacktPubIE,84,0.0,1,0,-,-
Class,PacktPubCourseIE,53,0.0,1,0,-,-
Class,ParliamentLiveUKIE,38,0.0,0,0,-,-
Class,PatreonIE,124,0.017093999999999998,0,1,-,-
Class,PBSIE,688,0.2375,0,1,-,-
Class,PeerTubeIE,233,0.00448431,0,1,-,-
Class,PerformGroupIE,74,0.0147059,0,0,-,-
Class,PhoenixIE,40,0.0,0,0,-,-
Class,PhotobucketIE,37,0.0294118,0,0,-,-
Class,PicartoIE,109,0.010416700000000001,0,1,-,-
Class,PicartoVodIE,38,0.0,0,0,-,-
Class,PinkbikeIE,82,0.0,0,1,-,-
Class,PlayFMIE,61,0.0,0,0,-,-
Class,PlaysTVIE,44,0.0,0,0,-,-
Class,PlayvidIE,84,0.0266667,0,0,-,-
Class,PlaywireIE,64,0.051724099999999995,0,0,-,-
Class,PluralsightBaseIE,83,0.012820500000000002,0,0,-,-
Class,PluralsightIE,325,0.053003499999999995,1,2,-,-
Class,PluralsightCourseIE,62,0.07142860000000001,1,1,-,-
Class,PodomaticIE,67,0.0,0,0,-,-
Class,PopcornTVIE,64,0.0,0,0,-,-
Class,PornComIE,89,0.0,0,1,-,-
Class,PornFlipIE,86,0.0,0,1,-,-
Class,PornHdIE,85,0.012987,0,0,-,-
Class,PornotubeIE,77,0.0,0,0,-,-
Class,PornoXOIE,48,0.0238095,0,0,-,-
Class,PressTVIE,65,0.07272730000000001,0,0,-,-
Class,PrimeShareTVIE,52,0.0,0,0,-,-
Class,PromptFileIE,57,0.0,0,0,-,-
Class,Puls4IE,46,0.0,0,0,-,-
Class,PyvideoIE,63,0.0,0,0,-,-
Class,RadioDeIE,47,0.0,0,0,-,-
Class,RadioJavanIE,69,0.0,0,0,-,-
Class,RaiBaseIE,93,0.025,0,0,-,-
Class,RaiPlayIE,93,0.0,1,2,-,-
Class,RaiPlayLiveIE,35,0.0,1,0,-,-
Class,RaiPlayPlaylistIE,32,0.0,0,0,-,-
Class,RaiIE,210,0.0478723,1,2,-,-
Class,RayWenderlichIE,112,0.0,0,0,-,-
Class,RayWenderlichCourseIE,47,0.0,0,0,-,-
Class,RBMARadioIE,58,0.0,0,0,-,-
Class,RedBullTVIE,89,0.024691400000000002,0,0,-,-
Class,RedditIE,34,0.0344828,0,0,-,-
Class,RedditRIE,81,0.0810811,0,0,-,-
Class,RedTubeIE,101,0.0215054,0,0,-,-
Class,ReutersIE,56,0.0,0,1,-,-
Class,ReverbNationIE,44,0.0,0,0,-,-
Class,Revision3EmbedIE,53,0.0,0,0,-,-
Class,Revision3IE,100,0.0215054,0,0,-,-
Class,RICEIE,100,0.0,0,0,-,-
Class,RMCDecouverteIE,34,0.0,0,0,-,-
Class,Ro220IE,37,0.0,0,0,-,-
Class,RockstarGamesIE,59,0.0,0,0,-,-
Class,RoosterTeethIE,133,0.00892857,0,0,-,-
Class,RottenTomatoesIE,26,0.0,0,0,-,-
Class,RoxwelIE,45,0.0243902,0,0,-,-
Class,RTVNHIE,55,0.0,0,0,-,-
Class,RulePornIE,39,0.0,0,0,-,-
Class,SafariBaseIE,55,0.0,0,1,-,-
Class,SafariIE,85,0.0131579,1,0,-,-
Class,SafariApiIE,18,0.0,1,0,-,-
Class,SafariCourseIE,60,0.0,1,0,-,-
Class,SaveFromIE,28,0.0,0,0,-,-
Class,SBSIE,56,0.0392157,0,0,-,-
Class,ScreencastIE,110,0.0,0,0,-,-
Class,ScreencastOMaticIE,30,0.0,0,0,-,-
Class,ScrippsNetworksWatchIE,103,0.0,0,1,-,-
Class,SeekerIE,49,0.0208333,0,0,-,-
Class,SenateISVPIE,138,0.0472441,0,0,-,-
Class,SendtoNewsIE,89,0.0375,0,0,-,-
Class,ServingSysIE,64,0.0,0,0,-,-
Class,SevenPlusIE,71,0.0,0,0,-,-
Class,SexuIE,58,0.02,0,0,-,-
Class,SharedBaseIE,24,0.0,0,0,-,-
Class,SharedIE,32,0.0,1,0,-,-
Class,VivoIE,23,0.0,1,0,-,-
Class,ShowRoomLiveIE,72,0.0,0,0,-,-
Class,SkylineWebcamsIE,36,0.0,0,0,-,-
Class,SkySportsIE,37,0.0,0,0,-,-
Class,SlideshareIE,41,0.0,0,0,-,-
Class,SlidesLiveIE,32,0.06451609999999999,0,0,-,-
Class,SlutloadIE,60,0.018181799999999998,0,1,-,-
Class,SnotrIE,60,0.0,0,0,-,-
Class,SonyLIVIE,33,0.0322581,0,0,-,-
Class,SoundgasmIE,46,0.0,0,0,-,-
Class,SoundgasmProfileIE,21,0.0,0,0,-,-
Class,SpankBangIE,83,0.0519481,0,0,-,-
Class,SpankwireIE,110,0.019802,0,0,-,-
Class,SpiegeltvIE,11,0.0,0,0,-,-
Class,BellatorIE,21,0.05,0,0,-,-
Class,ParamountNetworkIE,25,0.043478300000000004,0,0,-,-
Class,SportDeutschlandIE,88,0.0,0,0,-,-
Class,SpringboardPlatformIE,108,0.0,0,0,-,-
Class,SproutIE,41,0.0,0,0,-,-
Class,StanfordOpenClassroomIE,79,0.0410959,0,0,-,-
Class,SteamIE,136,0.0,0,0,-,-
Class,StitcherIE,68,0.015872999999999998,0,0,-,-
Class,StreamableIE,99,0.09782610000000001,0,0,-,-
Class,StreamangoIE,107,0.0106383,0,1,-,-
Class,StretchInternetIE,42,0.0,0,0,-,-
Class,SunPornoIE,66,0.0,0,0,-,-
Class,SyfyIE,49,0.0212766,0,0,-,-
Class,TastyTradeIE,37,0.0,0,0,-,-
Class,TDSLifewayIE,28,0.08,0,0,-,-
Class,TeacherTubeIE,78,0.0454545,0,0,-,-
Class,TeacherTubeUserIE,36,0.0,0,0,-,-
Class,TeachingChannelIE,27,0.0,0,0,-,-
Class,TechTalksIE,71,0.0289855,0,0,-,-
Class,TEDIE,330,0.0131579,0,0,-,-
Class,Tele5IE,36,0.0,0,0,-,-
Class,TelegraafIE,68,0.016393400000000002,0,0,-,-
Class,TeleTaskIE,45,0.0,0,0,-,-
Class,TennisTVIE,99,0.0,0,0,-,-
Class,TestURLIE,60,0.0588235,0,0,-,-
Class,TFOIE,43,0.0,0,0,-,-
Class,TheSceneIE,37,0.0,0,0,-,-
Class,TheStarIE,30,0.0344828,0,0,-,-
Class,TheSunIE,24,0.0,0,0,-,-
Class,TheWeatherChannelIE,69,0.0,0,0,-,-
Class,ThisAmericanLifeIE,35,0.0,0,0,-,-
Class,ThisOldHouseIE,36,0.0,0,0,-,-
Class,ThreeQSDNIE,130,0.08547010000000001,0,1,-,-
Class,TinyPicIE,48,0.0,0,0,-,-
Class,TMZIE,22,0.0,0,0,-,-
Class,TMZArticleIE,26,0.0,0,0,-,-
Class,TNAFlixNetworkBaseIE,154,0.015747999999999998,0,3,-,-
Class,TNAFlixNetworkEmbedIE,28,0.0,1,0,-,-
Class,TNAEMPFlixBaseIE,4,0.0,1,0,-,-
Class,TNAFlixIE,39,0.054054099999999994,1,0,-,-
Class,EMPFlixIE,28,0.0,1,0,-,-
Class,MovieFapIE,45,0.0465116,1,0,-,-
Class,ToggleIE,193,0.0220994,0,0,-,-
Class,ToonGogglesIE,69,0.0,0,0,-,-
Class,ToypicsIE,38,0.0,0,0,-,-
Class,ToypicsUserIE,43,0.0,0,0,-,-
Class,TrailerAddictIE,57,0.02,0,0,-,-
Class,TriluliluIE,92,0.011764700000000001,0,0,-,-
Class,TruTVIE,39,0.0,0,0,-,-
Class,Tube8IE,75,0.0,0,0,-,-
Class,TubiTvIE,82,0.0,0,0,-,-
Class,TudouPlaylistIE,20,0.0,0,0,-,-
Class,TudouAlbumIE,20,0.0,0,0,-,-
Class,TuneInBaseIE,60,0.0,0,0,-,-
Class,TuneInClipIE,14,0.0,1,0,-,-
Class,TuneInStationIE,24,0.043478300000000004,1,0,-,-
Class,TuneInProgramIE,20,0.05,1,0,-,-
Class,TuneInTopicIE,18,0.0,1,0,-,-
Class,TuneInShortenerIE,27,0.148148,0,0,-,-
Class,TunePkIE,79,0.0,0,0,-,-
Class,TurboIE,53,0.0,0,0,-,-
Class,TurnerBaseIE,213,0.119403,0,0,-,-
Class,TutvIE,27,0.0,0,0,-,-
Class,TVLandIE,28,0.07142860000000001,0,0,-,-
Class,TVNowBaseIE,83,0.0,0,1,-,-
Class,TVNowIE,65,0.0983607,1,2,-,-
Class,TVNowListBaseIE,20,0.0,1,1,-,-
Class,TVNowListIE,59,0.0,1,1,-,-
Class,TVNowShowIE,44,0.0,2,2,-,-
Class,TVPlayerIE,70,0.016393400000000002,0,0,-,-
Class,TweakersIE,52,0.0,0,0,-,-
Class,TwentyThreeVideoIE,69,0.0,0,1,-,-
Class,TwitchBaseIE,107,0.0444444,0,2,-,-
Class,TwitchItemBaseIE,58,0.0,1,1,-,-
Class,TwitchVideoIE,15,0.0,1,0,-,-
Class,TwitchChapterIE,18,0.0,1,0,-,-
Class,TwitchVodIE,108,0.03,1,1,-,-
Class,TwitchPlaylistBaseIE,58,0.09259260000000001,1,1,-,-
Class,TwitchProfileIE,16,0.0625,1,0,-,-
Class,TwitchVideosBaseIE,3,0.0,1,0,-,-
Class,TwitchAllVideosIE,17,0.0,1,0,-,-
Class,TwitchUploadsIE,17,0.0,1,0,-,-
Class,TwitchPastBroadcastsIE,17,0.0,1,0,-,-
Class,TwitchHighlightsIE,17,0.0,1,0,-,-
Class,TwitchStreamIE,126,0.0603448,1,2,-,-
Class,TwitchClipsIE,90,0.025,1,1,-,-
Class,UdemyIE,374,0.027272700000000004,0,6,-,-
Class,UdemyCourseIE,54,0.0,1,3,-,-
Class,UFCTVIE,61,0.0175439,0,0,-,-
Class,UKTVPlayIE,27,0.0384615,0,0,-,-
Class,UMGDeIE,92,0.0,0,1,-,-
Class,UnistraIE,59,0.0,0,0,-,-
Class,UnityIE,26,0.0,0,0,-,-
Class,UplynkIE,42,0.025641000000000004,0,0,-,-
Class,UplynkPreplayIE,14,0.0,1,1,-,-
Class,UpskillBaseIE,52,0.025,0,0,-,-
Class,UpskillIE,43,0.0,1,0,-,-
Class,UpskillCourseIE,61,0.0,1,0,-,-
Class,USANetworkIE,63,0.0,0,0,-,-
Class,USATodayIE,35,0.0,0,0,-,-
Class,UstreamIE,223,0.039800999999999996,0,2,-,-
Class,UstreamChannelIE,36,0.0,0,0,-,-
Class,UstudioIE,55,0.0,0,1,-,-
Class,UstudioEmbedIE,56,0.0,0,0,-,-
Class,VeeHDIE,101,0.0465116,0,0,-,-
Class,VeohIE,117,0.0,0,0,-,-
Class,VesselIE,143,0.0,0,0,-,-
Class,VevoBaseIE,7,0.0,0,0,-,-
Class,VevoIE,275,0.0387597,1,1,-,-
Class,VevoPlaylistIE,66,0.0,1,1,-,-
Class,VidbitIE,72,0.0,0,0,-,-
Class,ViddlerIE,132,0.00813008,0,0,-,-
Class,VideoDetectiveIE,23,0.047619,0,0,-,-
Class,VideofyMeIE,43,0.0,0,0,-,-
Class,VideoMegaIE,48,0.0,0,0,-,-
Class,VideoPremiumIE,38,0.0294118,0,0,-,-
Class,VideoPressIE,77,0.0147059,0,0,-,-
Class,VidioIE,68,0.0,0,0,-,-
Class,VidLiiIE,109,0.0,0,0,-,-
Class,VidmeIE,208,0.030456900000000002,0,0,-,-
Class,VidmeListBaseIE,34,0.037037,0,0,-,-
Class,VidmeUserIE,16,0.0,1,0,-,-
Class,VidmeUserLikesIE,16,0.0,1,0,-,-
Class,VierIE,190,0.0171429,0,0,-,-
Class,VierVideosIE,58,0.0,0,0,-,-
Class,ViewLiftBaseIE,2,0.0,0,0,-,-
Class,ViewLiftEmbedIE,90,0.012048200000000002,1,0,-,-
Class,ViewLiftIE,152,0.0211268,1,0,-,-
Class,ViideaIE,184,0.041420099999999994,0,1,-,-
Class,VikiBaseIE,97,0.012658200000000001,0,0,-,-
Class,VikiIE,203,0.0368421,1,4,-,-
Class,VikiChannelIE,60,0.0,1,3,-,-
Class,SprutoBaseIE,20,0.0,0,0,-,-
Class,VimpleIE,33,0.0,1,1,-,-
Class,ViqeoIE,86,0.0,0,0,-,-
Class,VodlockerIE,68,0.0172414,0,1,-,-
Class,VoiceRepublicIE,83,0.012987,0,0,-,-
Class,VootIE,88,0.0,0,0,-,-
Class,VpornIE,110,0.0,0,0,-,-
Class,VRVBaseIE,47,0.0,0,0,-,-
Class,VRVIE,116,0.00925926,1,3,-,-
Class,VRVSeriesIE,33,0.0,1,3,-,-
Class,VShareIE,61,0.0,0,0,-,-
Class,VubeIE,158,0.0,0,0,-,-
Class,VuClipIE,55,0.0212766,0,0,-,-
Class,VVVVIDIE,145,0.022388099999999998,0,1,-,-
Class,VzaarIE,76,0.0147059,0,0,-,-
Class,WatchIndianPornIE,59,0.0,0,0,-,-
Class,WebOfStoriesIE,107,0.030927800000000002,0,0,-,-
Class,WebOfStoriesPlaylistIE,39,0.0,0,0,-,-
Class,WimpIE,52,0.0,0,0,-,-
Class,WistiaIE,107,0.0208333,0,0,-,-
Class,WorldStarHipHopIE,35,0.0,0,0,-,-
Class,WSJIE,91,0.023529400000000002,0,0,-,-
Class,WSJArticleIE,19,0.0,0,0,-,-
Class,XBefIE,38,0.0,0,0,-,-
Class,XboxClipsIE,42,0.0,0,0,-,-
Class,XHamsterIE,262,0.0337553,0,1,-,-
Class,XHamsterEmbedIE,38,0.0,0,0,-,-
Class,XNXXIE,70,0.0,0,1,-,-
Class,XstreamIE,104,0.0,0,0,-,-
Class,XTubeIE,119,0.027272700000000004,0,0,-,-
Class,XTubeUserIE,43,0.0,0,0,-,-
Class,XVideosIE,88,0.0,0,0,-,-
Class,XXXYMoviesIE,70,0.0,0,0,-,-
Class,YandexDiskIE,104,0.0,0,0,-,-
Class,YesJapanIE,51,0.0222222,0,0,-,-
Class,YouJizzIE,82,0.013698599999999998,0,0,-,-
Class,YouNowLiveIE,60,0.0,1,1,-,-
Class,YouNowChannelIE,53,0.0,0,1,-,-
Class,YouNowMomentIE,28,0.0,0,1,-,-
Class,YouPornIE,174,0.0641026,0,1,-,-
Class,YourPornIE,35,0.0,0,0,-,-
Class,YourUploadIE,39,0.0,0,0,-,-
Class,ZattooPlatformBaseIE,183,0.00609756,0,0,-,-
Class,QuicklineBaseIE,3,0.0,1,0,-,-
Class,QuicklineIE,11,0.0,1,0,-,-
Class,QuicklineLiveIE,15,0.0,1,0,-,-
Class,ZattooBaseIE,3,0.0,1,0,-,-
Class,ZattooIE,17,0.13333299999999998,1,0,-,-
Class,ZattooLiveIE,15,0.0,1,0,-,-
Class,NetPlusIE,9,0.0,1,0,-,-
Class,MNetTVIE,9,0.0,1,0,-,-
Class,WalyTVIE,9,0.0,1,0,-,-
Class,BBVTVIE,9,0.0,1,0,-,-
Class,VTXTVIE,9,0.0,1,0,-,-
Class,MyVisionTVIE,9,0.0,1,0,-,-
Class,GlattvisionTVIE,9,0.0,1,0,-,-
Class,SAKTVIE,9,0.0,1,0,-,-
Class,EWETVIE,9,0.0,1,0,-,-
Class,QuantumTVIE,9,0.0,1,0,-,-
Class,OsnatelTVIE,9,0.0,1,0,-,-
Class,EinsUndEinsTVIE,9,0.0,1,0,-,-
Class,ZDFBaseIE,16,0.0,0,0,-,-
Class,ZDFIE,195,0.0,1,0,-,-
Class,ZDFChannelIE,82,0.0,1,0,-,-
Class,PostProcessor,54,0.53125,0,0,-,-
Class,AudioConversionError,2,0.0,0,0,-,-
Class,EmbedThumbnailPPError,2,0.0,0,0,-,-
Class,EmbedThumbnailPP,70,0.037037,1,0,-,-
Class,ExecAfterDownloadPP,19,0.0,0,0,-,-
Class,FFmpegPostProcessorError,2,0.0,0,0,-,-
Class,FFmpegPostProcessor,159,0.0289855,1,0,-,-
Class,FFmpegExtractAudioPP,101,0.0869565,1,3,-,-
Class,FFmpegVideoConvertorPP,21,0.0,1,1,-,-
Class,FFmpegEmbedSubtitlePP,54,0.043478300000000004,1,1,-,-
Class,FFmpegMetadataPP,71,0.015872999999999998,1,3,-,-
Class,FFmpegMergerPP,26,0.041666699999999994,1,1,-,-
Class,FFmpegFixupStretchedPP,17,0.0,1,1,-,-
Class,FFmpegFixupM4aPP,16,0.0,1,1,-,-
Class,FFmpegFixupM3u8PP,13,0.0,1,2,-,-
Class,FFmpegSubtitlesConvertorPP,61,0.0,1,1,-,-
Class,MetadataFromTitlePP,41,0.159091,0,0,-,-
Class,XAttrMetadataPP,67,0.232143,0,0,-,-
Class,TokenIterator,19,0.0,0,0,-,-
Class,DownloadContext,4,0.0,0,0,-,-
Class,SucceedDownload,2,0.0,0,0,-,-
Class,RetryDownload,3,0.0,0,0,-,-
Class,NextFragment,2,0.0,0,0,-,-
Method,__init__,6,0.333333,-,-,helper.py,2
Method,to_screen,2,0.0,-,-,helper.py,3
Method,trouble,2,0.0,-,-,helper.py,3
Method,download,2,0.0,-,-,helper.py,2
Method,expect_warning,5,0.25,-,-,helper.py,2
Method,setUp,2,0.0,-,-,test_InfoExtractor.py,1
Method,test_ie_key,2,0.0,-,-,test_InfoExtractor.py,1
Method,test_html_search_regex,4,0.0,-,-,test_InfoExtractor.py,1
Method,test_opengraph,21,0.0,-,-,test_InfoExtractor.py,1
Method,test_html_search_meta,22,0.0,-,-,test_InfoExtractor.py,1
Method,test_download_json,8,0.0,-,-,test_InfoExtractor.py,1
Method,test_extract_jwplayer_data_realworld,90,0.0340909,-,-,test_InfoExtractor.py,1
Method,test_parse_m3u8_formats,311,0.0322581,-,-,test_InfoExtractor.py,1
Method,test_parse_mpd_formats,177,0.0227273,-,-,test_InfoExtractor.py,1
Method,test_parse_f4m_formats,26,0.04,-,-,test_InfoExtractor.py,1
Method,test_parse_xspf,48,0.0,-,-,test_InfoExtractor.py,1
Method,setUp,3,0.0,-,-,test_aes.py,1
Method,test_encrypt,6,0.0,-,-,test_aes.py,1
Method,test_cbc_decrypt,6,0.0,-,-,test_aes.py,1
Method,test_cbc_encrypt,6,0.0,-,-,test_aes.py,1
Method,test_decrypt_text,16,0.0,-,-,test_aes.py,1
Method,_assert_restricted,3,0.0,-,-,test_age_restriction.py,5
Method,test_youtube,2,0.0,-,-,test_age_restriction.py,1
Method,test_youporn,4,0.0,-,-,test_age_restriction.py,1
Method,setUp,2,0.0,-,-,test_all_urls.py,1
Method,matching_ies,2,0.0,-,-,test_all_urls.py,2
Method,assertMatch,2,0.0,-,-,test_all_urls.py,3
Method,test_youtube_playlist_matching,12,0.214286,-,-,test_all_urls.py,1
Method,test_youtube_matching,7,0.125,-,-,test_all_urls.py,1
Method,test_youtube_channel_matching,5,0.0,-,-,test_all_urls.py,1
Method,test_youtube_user_matching,2,0.0,-,-,test_all_urls.py,1
Method,test_youtube_feeds,5,0.0,-,-,test_all_urls.py,1
Method,test_youtube_show_matching,2,0.0,-,-,test_all_urls.py,1
Method,test_youtube_search_matching,3,0.0,-,-,test_all_urls.py,1
Method,test_youtube_extract,8,0.0,-,-,test_all_urls.py,1
Method,test_facebook_matching,3,0.0,-,-,test_all_urls.py,1
Method,test_no_duplicates,11,0.0,-,-,test_all_urls.py,1
Method,test_keywords,4,0.0,-,-,test_all_urls.py,1
Method,test_vimeo_matching,7,0.0,-,-,test_all_urls.py,1
Method,test_soundcloud_not_matching_sets,2,0.333333,-,-,test_all_urls.py,1
Method,test_tumblr,3,0.0,-,-,test_all_urls.py,1
Method,test_pbs,4,0.25,-,-,test_all_urls.py,1
Method,test_yahoo_https,5,0.2,-,-,test_all_urls.py,1
Method,test_no_duplicated_ie_names,8,0.0,-,-,test_all_urls.py,1
Method,__init__,4,0.0,-,-,test_download.py,3
Method,report_warning,3,0.333333,-,-,test_download.py,2
Method,process_info,3,0.0,-,-,test_download.py,2
Method,__str__,8,0.14285699999999998,-,-,test_download.py,1
Method,setUp,2,0.0,-,-,test_download.py,1
Method,log_message,2,0.0,-,-,test_downloader_http.py,3
Method,send_content_range,15,0.0,-,-,test_downloader_http.py,2
Method,serve,10,0.0,-,-,test_downloader_http.py,3
Method,do_GET,11,0.0,-,-,test_downloader_http.py,1
Method,debug,2,0.0,-,-,test_downloader_http.py,2
Method,warning,2,0.0,-,-,test_downloader_http.py,2
Method,error,2,0.0,-,-,test_downloader_http.py,2
Method,setUp,7,0.0,-,-,test_downloader_http.py,1
Method,download,11,0.0,-,-,test_downloader_http.py,3
Method,download_all,3,0.0,-,-,test_downloader_http.py,2
Method,test_regular,2,0.0,-,-,test_downloader_http.py,1
Method,test_chunked,4,0.0,-,-,test_downloader_http.py,1
Method,_get_login_info,2,0.0,-,-,test_iqiyi_sdk_interpreter.py,1
Method,__init__,2,0.0,-,-,test_iqiyi_sdk_interpreter.py,1
Method,warning,2,0.0,-,-,test_iqiyi_sdk_interpreter.py,2
Method,debug,2,0.0,-,-,test_iqiyi_sdk_interpreter.py,2
Method,error,2,0.0,-,-,test_iqiyi_sdk_interpreter.py,2
Method,test_iqiyi_sdk_interpreter,10,0.5,-,-,test_iqiyi_sdk_interpreter.py,1
Method,test_basic,9,0.0,-,-,test_jsinterp.py,1
Method,test_calc,3,0.0,-,-,test_jsinterp.py,1
Method,test_empty_return,3,0.0,-,-,test_jsinterp.py,1
Method,test_morespace,6,0.0,-,-,test_jsinterp.py,1
Method,test_strange_chars,3,0.0,-,-,test_jsinterp.py,1
Method,test_operators,9,0.0,-,-,test_jsinterp.py,1
Method,test_array_access,3,0.0,-,-,test_jsinterp.py,1
Method,test_parens,6,0.0,-,-,test_jsinterp.py,1
Method,test_assignments,9,0.0,-,-,test_jsinterp.py,1
Method,test_comments,21,0.05,-,-,test_jsinterp.py,1
Method,test_precedence,9,0.0,-,-,test_jsinterp.py,1
Method,test_call,7,0.0,-,-,test_jsinterp.py,1
Method,test_netrc_present,7,0.0,-,-,test_netrc.py,1
Method,test_hide_login_info,8,0.0,-,-,test_options.py,1
Method,test_format_to_regex,3,0.0,-,-,test_postprocessors.py,1
Method,_check_params,8,0.0,-,-,test_socks.py,1
Method,test_proxy_http,10,0.0,-,-,test_socks.py,1
Method,test_proxy_https,10,0.0,-,-,test_socks.py,1
Method,test_secondary_proxy_http,10,0.0,-,-,test_socks.py,1
Method,test_secondary_proxy_https,10,0.0,-,-,test_socks.py,1
Method,setUp,8,0.0,-,-,test_socks.py,1
Method,tearDown,6,0.0,-,-,test_socks.py,1
Method,_get_ip,8,0.0,-,-,test_socks.py,2
Method,test_socks4,2,0.0,-,-,test_socks.py,1
Method,test_socks4a,2,0.0,-,-,test_socks.py,1
Method,test_socks5,2,0.0,-,-,test_socks.py,1
Method,setUp,4,0.0,-,-,test_subtitles.py,1
Method,getInfoDict,3,0.0,-,-,test_subtitles.py,1
Method,getSubtitles,10,0.0,-,-,test_subtitles.py,1
Method,test_youtube_allsubtitles,9,0.0,-,-,test_subtitles.py,1
Method,test_youtube_subtitles_ttml_format,5,0.0,-,-,test_subtitles.py,1
Method,test_youtube_subtitles_vtt_format,5,0.0,-,-,test_subtitles.py,1
Method,test_youtube_automatic_captions,6,0.0,-,-,test_subtitles.py,1
Method,test_youtube_translated_subtitles,7,0.14285699999999998,-,-,test_subtitles.py,1
Method,test_youtube_nosubtitles,7,0.0,-,-,test_subtitles.py,1
Method,test_allsubtitles,9,0.0,-,-,test_subtitles.py,1
Method,test_nosubtitles,7,0.0,-,-,test_subtitles.py,1
Method,test_allsubtitles,9,0.0,-,-,test_subtitles.py,1
Method,test_allsubtitles,7,0.0,-,-,test_subtitles.py,1
Method,test_nosubtitles,7,0.0,-,-,test_subtitles.py,1
Method,test_allsubtitles,7,0.0,-,-,test_subtitles.py,1
Method,test_nosubtitles,7,0.0,-,-,test_subtitles.py,1
Method,test_allsubtitles,7,0.0,-,-,test_subtitles.py,1
Method,test_nosubtitles,7,0.0,-,-,test_subtitles.py,1
Method,test_allsubtitles,6,0.0,-,-,test_subtitles.py,1
Method,test_allsubtitles,6,0.0,-,-,test_subtitles.py,1
Method,getInfoDict,2,0.0,-,-,test_subtitles.py,1
Method,test_allsubtitles,6,0.0,-,-,test_subtitles.py,1
Method,test_allsubtitles,6,0.0,-,-,test_subtitles.py,1
Method,test_allsubtitles,6,0.0,-,-,test_subtitles.py,1
Method,test_allsubtitles,6,0.0,-,-,test_subtitles.py,1
Method,test_allsubtitles,6,0.0,-,-,test_subtitles.py,1
Method,test_allsubtitles,6,0.0,-,-,test_subtitles.py,1
Method,test_allsubtitles,8,0.0,-,-,test_subtitles.py,1
Method,test_allsubtitles,6,0.0,-,-,test_subtitles.py,1
Method,test_allsubtitles,6,0.0,-,-,test_subtitles.py,1
Method,test_subtitles_in_page,7,0.0,-,-,test_subtitles.py,1
Method,test_all_files,31,0.103448,-,-,test_unicode_literals.py,1
Method,test_rsa_verify,10,0.0,-,-,test_update.py,1
Method,test_private_info_arg,12,0.0,-,-,test_verbose_output.py,1
Method,test_private_info_shortarg,12,0.0,-,-,test_verbose_output.py,1
Method,test_private_info_eq,12,0.0,-,-,test_verbose_output.py,1
Method,test_private_info_shortarg_eq,12,0.0,-,-,test_verbose_output.py,1
Method,__init__,3,0.0,-,-,test_write_annotations.py,3
Method,setUp,3,0.333333,-,-,test_write_annotations.py,1
Method,test_info_json,28,0.172414,-,-,test_write_annotations.py,1
Method,tearDown,2,0.0,-,-,test_write_annotations.py,1
Method,assertIsPlaylist,3,0.333333,-,-,test_youtube_lists.py,2
Method,test_youtube_playlist_noplaylist,7,0.0,-,-,test_youtube_lists.py,1
Method,test_youtube_course,9,0.11111099999999999,-,-,test_youtube_lists.py,1
Method,test_youtube_mix,8,0.0,-,-,test_youtube_lists.py,1
Method,test_youtube_toptracks,8,0.0,-,-,test_youtube_lists.py,1
Method,test_youtube_flat_playlist_titles,8,0.0,-,-,test_youtube_lists.py,1
Method,setUp,5,0.0,-,-,test_youtube_signature.py,1
Method,__init__,87,0.039473699999999994,-,-,YoutubeDL.py,3
Method,warn_if_short_id,15,0.0666667,-,-,YoutubeDL.py,2
Method,add_info_extractor,6,0.166667,-,-,YoutubeDL.py,2
Method,get_info_extractor,11,0.454545,-,-,YoutubeDL.py,2
Method,add_default_info_extractors,6,0.5,-,-,YoutubeDL.py,1
Method,add_post_processor,4,0.25,-,-,YoutubeDL.py,2
Method,add_progress_hook,3,0.333333,-,-,YoutubeDL.py,2
Method,_bidi_workaround,12,0.0,-,-,YoutubeDL.py,2
Method,to_screen,3,0.333333,-,-,YoutubeDL.py,3
Method,_write_string,2,0.0,-,-,YoutubeDL.py,3
Method,to_stdout,10,0.11111099999999999,-,-,YoutubeDL.py,4
Method,to_stderr,9,0.11111099999999999,-,-,YoutubeDL.py,2
Method,to_console_title,10,0.2,-,-,YoutubeDL.py,2
Method,save_console_title,8,0.125,-,-,YoutubeDL.py,1
Method,restore_console_title,8,0.125,-,-,YoutubeDL.py,1
Method,__enter__,3,0.0,-,-,YoutubeDL.py,1
Method,__exit__,5,0.0,-,-,YoutubeDL.py,2
Method,trouble,29,0.3,-,-,YoutubeDL.py,3
Method,report_warning,16,0.25,-,-,YoutubeDL.py,2
Method,report_error,11,0.363636,-,-,YoutubeDL.py,3
Method,report_file_already_downloaded,6,0.166667,-,-,YoutubeDL.py,2
Method,prepare_filename,88,0.2625,-,-,YoutubeDL.py,2
Method,_match_entry,41,0.0526316,-,-,YoutubeDL.py,3
Method,add_extra_info,5,0.2,-,-,YoutubeDL.py,2
Method,extract_info,61,0.137931,-,-,YoutubeDL.py,7
Method,add_default_extra_info,7,0.0,-,-,YoutubeDL.py,4
Method,process_ie_result,166,0.16326500000000002,-,-,YoutubeDL.py,4
Method,_build_format_filter,54,0.02,-,-,YoutubeDL.py,2
Method,_default_format_spec,8,0.0,-,-,YoutubeDL.py,3
Method,build_format_selector,21,0.0,-,-,YoutubeDL.py,2
Method,_calc_headers,17,0.0,-,-,YoutubeDL.py,2
Method,_calc_cookies,4,0.0,-,-,YoutubeDL.py,2
Method,process_video_result,209,0.225989,-,-,YoutubeDL.py,3
Method,process_subtitles,48,0.0222222,-,-,YoutubeDL.py,4
Method,process_info,268,0.0458333,-,-,YoutubeDL.py,2
Method,download,24,0.0909091,-,-,YoutubeDL.py,2
Method,download_with_info_file,16,0.0625,-,-,YoutubeDL.py,2
Method,filter_requested_info,5,0.0,-,-,YoutubeDL.py,1
Method,post_process,21,0.047619,-,-,YoutubeDL.py,3
Method,_make_archive_id,10,0.333333,-,-,YoutubeDL.py,2
Method,in_download_archive,18,0.0588235,-,-,YoutubeDL.py,2
Method,record_download_archive,8,0.0,-,-,YoutubeDL.py,2
Method,format_resolution,16,0.0,-,-,YoutubeDL.py,2
Method,_format_note,55,0.0,-,-,YoutubeDL.py,2
Method,list_formats,13,0.0,-,-,YoutubeDL.py,2
Method,list_thumbnails,11,0.0,-,-,YoutubeDL.py,2
Method,list_subtitles,10,0.0,-,-,YoutubeDL.py,4
Method,urlopen,5,0.2,-,-,YoutubeDL.py,2
Method,print_debug_header,70,0.016128999999999998,-,-,YoutubeDL.py,1
Method,_setup_opener,50,0.190476,-,-,YoutubeDL.py,1
Method,encode,9,0.11111099999999999,-,-,YoutubeDL.py,2
Method,get_encoding,5,0.0,-,-,YoutubeDL.py,1
Method,_write_thumbnails,35,0.03125,-,-,YoutubeDL.py,3
Method,__init__,2,0.0,-,-,cache.py,2
Method,_get_root_dir,6,0.0,-,-,cache.py,1
Method,_get_cache_fn,6,0.0,-,-,cache.py,4
Method,enabled,3,0.0,-,-,cache.py,1
Method,store,18,0.0,-,-,cache.py,5
Method,load,22,0.05,-,-,cache.py,5
Method,remove,15,0.0,-,-,cache.py,1
Method,__init__,6,0.0,-,-,jsinterp.py,3
Method,interpret_statement,20,0.055555600000000004,-,-,jsinterp.py,4
Method,interpret_expression,153,0.0217391,-,-,jsinterp.py,4
Method,extract_object,22,0.047619,-,-,jsinterp.py,2
Method,extract_function,13,0.0,-,-,jsinterp.py,2
Method,call_function,3,0.0,-,-,jsinterp.py,3
Method,build_function,2,0.0,-,-,jsinterp.py,3
Method,__init__,4,0.0,-,-,socks.py,3
Method,__init__,4,0.0,-,-,socks.py,3
Method,__init__,3,0.0,-,-,socks.py,3
Method,setproxy,4,0.0,-,-,socks.py,7
Method,recvall,8,0.0,-,-,socks.py,2
Method,_recv_bytes,3,0.0,-,-,socks.py,2
Method,_len_and_data,3,0.0,-,-,socks.py,1
Method,_check_response_version,4,0.0,-,-,socks.py,3
Method,_resolve_address,8,0.0,-,-,socks.py,4
Method,_setup_socks4,24,0.0,-,-,socks.py,3
Method,_setup_socks4a,2,0.0,-,-,socks.py,2
Method,_socks5_auth,35,0.0,-,-,socks.py,1
Method,_setup_socks5,37,0.0,-,-,socks.py,2
Method,_make_proxy,14,0.0,-,-,socks.py,3
Method,connect,2,0.0,-,-,socks.py,2
Method,connect_ex,2,0.0,-,-,socks.py,2
Method,__init__,2,0.0,-,-,swfinterp.py,2
Method,__repr__,2,0.0,-,-,swfinterp.py,1
Method,__init__,3,0.0,-,-,swfinterp.py,2
Method,__repr__,4,0.0,-,-,swfinterp.py,1
Method,__init__,11,0.0,-,-,swfinterp.py,4
Method,make_object,2,0.0,-,-,swfinterp.py,1
Method,__repr__,2,0.0,-,-,swfinterp.py,1
Method,register_methods,5,0.0,-,-,swfinterp.py,2
Method,__init__,2,0.0,-,-,swfinterp.py,2
Method,__repr__,2,0.0,-,-,swfinterp.py,1
Method,__bool__,2,0.0,-,-,swfinterp.py,1
Method,__hash__,2,0.0,-,-,swfinterp.py,1
Method,__str__,2,0.0,-,-,swfinterp.py,1
Method,__init__,187,0.22222199999999998,-,-,swfinterp.py,2
Method,patch_function,2,0.0,-,-,swfinterp.py,4
Method,extract_class,13,0.0,-,-,swfinterp.py,3
Method,extract_function,16,0.0,-,-,swfinterp.py,3
Method,__init__,3,0.0,-,-,YoutubeDL.py,2
Method,__iter__,2,0.0,-,-,YoutubeDL.py,1
Method,__next__,6,0.0,-,-,YoutubeDL.py,1
Method,restore_last_token,2,0.0,-,-,YoutubeDL.py,1
Method,next_value,4,0.0,-,-,aes.py,1
Method,__init__,6,0.166667,-,-,common.py,3
Method,format_seconds,10,0.0,-,-,common.py,1
Method,calc_percent,5,0.0,-,-,common.py,2
Method,format_percent,5,0.0,-,-,common.py,1
Method,calc_eta,11,0.08333330000000001,-,-,common.py,4
Method,format_eta,5,0.0,-,-,common.py,1
Method,calc_speed,6,0.14285699999999998,-,-,common.py,3
Method,format_speed,5,0.0,-,-,common.py,1
Method,format_retries,3,0.0,-,-,common.py,1
Method,best_block_size,12,0.07692310000000001,-,-,common.py,2
Method,parse_bytes,9,0.11111099999999999,-,-,common.py,1
Method,to_screen,2,0.0,-,-,common.py,3
Method,to_stderr,2,0.0,-,-,common.py,2
Method,to_console_title,2,0.0,-,-,common.py,2
Method,trouble,2,0.0,-,-,common.py,3
Method,report_warning,2,0.0,-,-,common.py,3
Method,report_error,2,0.0,-,-,common.py,3
Method,slow_down,13,0.07692310000000001,-,-,common.py,4
Method,temp_name,6,0.166667,-,-,common.py,2
Method,undo_temp_name,4,0.0,-,-,common.py,2
Method,ytdl_filename,2,0.0,-,-,common.py,2
Method,try_rename,7,0.0,-,-,common.py,3
Method,try_utime,20,0.1,-,-,common.py,3
Method,report_destination,3,0.333333,-,-,common.py,2
Method,_report_progress_status,16,0.0,-,-,common.py,3
Method,report_progress,59,0.0,-,-,common.py,2
Method,report_resuming_byte,3,0.333333,-,-,common.py,2
Method,report_retry,5,0.2,-,-,common.py,4
Method,report_file_already_downloaded,6,0.166667,-,-,common.py,2
Method,report_unable_to_resume,3,0.333333,-,-,common.py,1
Method,download,38,0.12121199999999999,-,-,common.py,3
Method,real_download,3,0.333333,-,-,common.py,3
Method,_hook_progress,3,0.0,-,-,common.py,2
Method,add_progress_hook,4,0.5,-,-,common.py,2
Method,_debug_cmd,11,0.0,-,-,common.py,3
Method,real_download,63,0.178571,-,-,dash.py,3
Method,real_download,37,0.08571430000000001,-,-,external.py,3
Method,get_basename,3,0.0,-,-,external.py,1
Method,exe,3,0.0,-,-,external.py,1
Method,available,3,0.0,-,-,external.py,1
Method,supports,3,0.0,-,-,external.py,2
Method,can_download,3,0.0,-,-,external.py,2
Method,_option,2,0.0,-,-,external.py,3
Method,_bool_option,2,0.0,-,-,external.py,6
Method,_valueless_option,2,0.0,-,-,external.py,4
Method,_configuration_args,2,0.0,-,-,external.py,2
Method,_call_downloader,12,0.1,-,-,external.py,3
Method,_make_cmd,16,0.0,-,-,external.py,3
Method,_call_downloader,9,0.14285699999999998,-,-,external.py,3
Method,_make_cmd,7,0.0,-,-,external.py,3
Method,_make_cmd,10,0.0,-,-,external.py,3
Method,_make_cmd,15,0.0,-,-,external.py,3
Method,available,3,0.0,-,-,external.py,1
Method,_make_cmd,5,0.0,-,-,external.py,3
Method,supports,3,0.0,-,-,external.py,2
Method,available,3,0.0,-,-,external.py,1
Method,_call_downloader,120,0.213592,-,-,external.py,3
Method,read_bytes,7,0.0,-,-,f4m.py,2
Method,read_unsigned_long_long,2,0.333333,-,-,f4m.py,1
Method,read_unsigned_int,2,0.0,-,-,f4m.py,1
Method,read_unsigned_char,2,0.0,-,-,f4m.py,1
Method,read_string,8,0.0,-,-,f4m.py,1
Method,read_box_info,11,0.272727,-,-,f4m.py,1
Method,read_asrt,20,0.166667,-,-,f4m.py,1
Method,read_afrt,33,0.13333299999999998,-,-,f4m.py,1
Method,read_abst,50,0.25,-,-,f4m.py,1
Method,read_bootstrap_info,4,0.0,-,-,f4m.py,1
Method,_get_unencrypted_media,14,0.14285699999999998,-,-,f4m.py,2
Method,_get_bootstrap_from_url,3,0.0,-,-,f4m.py,2
Method,_update_live_fragments,16,0.07142860000000001,-,-,f4m.py,3
Method,_parse_bootstrap_node,16,0.3125,-,-,f4m.py,3
Method,real_download,120,0.12380999999999999,-,-,f4m.py,3
Method,to_screen,2,0.0,-,-,fragment.py,3
Method,report_retry_fragment,4,0.0,-,-,fragment.py,5
Method,report_skip_fragment,2,0.0,-,-,fragment.py,2
Method,_prepare_url,3,0.0,-,-,fragment.py,3
Method,_prepare_and_start_frag_download,3,0.0,-,-,fragment.py,2
Method,__do_ytdl_file,3,0.0,-,-,fragment.py,1
Method,_read_ytdl_file,9,0.0,-,-,fragment.py,2
Method,_write_ytdl_file,11,0.0,-,-,fragment.py,2
Method,_download_fragment,13,0.0,-,-,fragment.py,5
Method,_append_fragment,10,0.0,-,-,fragment.py,3
Method,_prepare_frag_download,68,0.047619,-,-,fragment.py,2
Method,_start_frag_download,25,0.190476,-,-,fragment.py,2
Method,_finish_frag_download,21,0.0,-,-,fragment.py,2
Method,can_download,27,0.56,-,-,hls.py,2
Method,real_download,144,0.037313400000000004,-,-,hls.py,3
Method,real_download,60,0.0454545,-,-,http.py,3
Method,real_download,47,0.0,-,-,ism.py,3
Method,real_download,119,0.055555600000000004,-,-,rtmp.py,3
Method,real_download,34,0.0,-,-,rtsp.py,3
Method,__init__,2,0.0,-,-,http.py,2
Method,_real_extract,41,0.0,-,-,abc.py,2
Method,_real_extract,60,0.0,-,-,abc.py,2
Method,_real_extract,11,0.0,-,-,abcnews.py,2
Method,_real_extract,44,0.025641000000000004,-,-,abcnews.py,2
Method,_real_extract,33,0.0,-,-,abcotvs.py,2
Method,_real_extract,17,0.0,-,-,abcotvs.py,2
Method,_real_extract,21,0.0,-,-,academicearth.py,2
Method,_real_extract,61,0.0,-,-,addanime.py,2
Method,_download_webpage_handle,6,0.0,-,-,adobepass.py,3
Method,_get_mvpd_resource,14,0.0,-,-,adobepass.py,4
Method,_extract_mvpd_auth,183,0.0411765,-,-,adobepass.py,5
Method,_real_extract,28,0.0,-,-,adobetv.py,2
Method,_parse_page_data,2,0.0,-,-,adobetv.py,2
Method,_extract_playlist_entries,7,0.0,-,-,adobetv.py,3
Method,_get_element_url,2,0.0,-,-,adobetv.py,2
Method,_real_extract,13,0.0,-,-,adobetv.py,2
Method,_get_element_url,2,0.0,-,-,adobetv.py,2
Method,_real_extract,11,0.0,-,-,adobetv.py,2
Method,_real_extract,41,0.055555600000000004,-,-,adobetv.py,2
Method,_real_extract,78,0.0,-,-,adultswim.py,2
Method,_real_extract,64,0.015872999999999998,-,-,aenetworks.py,2
Method,theplatform_url_result,15,0.0,-,-,aenetworks.py,4
Method,_real_extract,25,0.0,-,-,aenetworks.py,2
Method,_real_extract,33,0.0,-,-,airmozilla.py,2
Method,_real_extract,26,0.0,-,-,aliexpress.py,2
Method,_real_extract,6,0.0,-,-,aljazeera.py,2
Method,_real_extract,45,0.0,-,-,alphaporno.py,2
Method,_real_extract,60,0.0,-,-,amcnetworks.py,2
Method,_real_extract,45,0.0,-,-,americastestkitchen.py,2
Method,_extract_feed_info,82,0.0133333,-,-,amp.py,2
Method,_login,39,0.0,-,-,animeondemand.py,1
Method,_real_initialize,2,0.0,-,-,animeondemand.py,1
Method,_real_extract,33,0.0,-,-,animeondemand.py,2
Method,_real_extract,9,0.0,-,-,anitube.py,2
Method,__init__,3,0.0,-,-,anvato.py,3
Method,_server_time,9,0.0,-,-,anvato.py,3
Method,_api_prefix,2,0.0,-,-,anvato.py,2
Method,_get_video_json,24,0.047619,-,-,anvato.py,3
Method,_get_anvato_videos,63,0.0,-,-,anvato.py,3
Method,_extract_urls,24,0.0,-,-,anvato.py,3
Method,_extract_anvato_videos,7,0.0,-,-,anvato.py,3
Method,_real_extract,12,0.0,-,-,anvato.py,2
Method,_real_extract,34,0.0,-,-,anysex.py,2
Method,_real_extract,24,0.0,-,-,appleconnect.py,2
Method,_real_extract,104,0.0111111,-,-,appletrailers.py,2
Method,_real_extract,9,0.0,-,-,appletrailers.py,2
Method,_real_extract,25,0.0,-,-,archiveorg.py,2
Method,_extract_url,8,0.125,-,-,arkena.py,1
Method,_real_extract,72,0.0454545,-,-,arkena.py,2
Method,_real_extract,37,0.0,-,-,asiancrush.py,2
Method,_real_extract,30,0.0,-,-,asiancrush.py,2
Method,_real_initialize,2,0.333333,-,-,atresplayer.py,1
Method,_login,22,0.0,-,-,atresplayer.py,1
Method,_real_extract,104,0.0340909,-,-,atresplayer.py,2
Method,_real_extract,30,0.0,-,-,atttechchannel.py,2
Method,_real_extract,47,0.0,-,-,atvat.py,2
Method,_real_extract,63,0.0175439,-,-,audimedia.py,2
Method,_real_extract,40,0.0,-,-,audioboom.py,2
Method,_real_extract,27,0.304348,-,-,audiomack.py,2
Method,_real_extract,35,0.294118,-,-,audiomack.py,2
Method,_aws_execute_api,55,0.0681818,-,-,aws.py,4
Method,_login,24,0.0,-,-,bambuser.py,1
Method,_real_initialize,2,0.0,-,-,bambuser.py,1
Method,_real_extract,27,0.0,-,-,bambuser.py,2
Method,_real_extract,27,0.0384615,-,-,bambuser.py,2
Method,_real_extract,133,0.0168067,-,-,bandcamp.py,2
Method,suitable,5,0.0,-,-,bandcamp.py,2
Method,_real_extract,33,0.03125,-,-,bandcamp.py,2
Method,_real_extract,64,0.035714300000000004,-,-,bandcamp.py,2
Method,_extract_channel_info,8,0.0,-,-,beampro.py,2
Method,suitable,3,0.0,-,-,beampro.py,2
Method,_real_extract,34,0.0,-,-,beampro.py,2
Method,_extract_format,28,0.0,-,-,beampro.py,2
Method,_real_extract,36,0.0,-,-,beampro.py,2
Method,_real_extract,62,0.0,-,-,beatport.py,2
Method,_real_extract,76,0.0,-,-,beeg.py,2
Method,_real_extract,9,0.0,-,-,bellmedia.py,2
Method,_get_feed_query,4,0.0,-,-,bet.py,2
Method,_extract_mgid,2,0.0,-,-,bet.py,2
Method,_real_extract,19,0.0,-,-,bet.py,2
Method,_real_extract,42,0.0,-,-,bigflix.py,2
Method,_real_extract,38,0.0,-,-,bitchute.py,2
Method,_entries,32,0.0,-,-,bitchute.py,2
Method,_real_extract,4,0.0,-,-,bitchute.py,2
Method,_real_extract,42,0.0,-,-,bleacherreport.py,2
Method,_real_extract,5,0.0,-,-,bleacherreport.py,2
Method,_real_extract,56,0.0,-,-,blinkx.py,2
Method,_real_extract,27,0.0454545,-,-,bostonglobe.py,2
Method,_real_extract,44,0.0,-,-,bravotv.py,2
Method,_real_extract,45,0.0,-,-,breakcom.py,2
Method,_real_extract,11,0.0,-,-,businessinsider.py,2
Method,_real_extract,28,0.0,-,-,buzzfeed.py,2
Method,_real_extract,26,0.0,-,-,byutv.py,2
Method,_real_extract,78,0.0140845,-,-,cammodels.py,2
Method,_real_extract,39,0.0,-,-,camtube.py,2
Method,_real_extract,45,0.0263158,-,-,camwithher.py,2
Method,_real_extract,54,0.0,-,-,canvas.py,2
Method,_real_extract,24,0.0,-,-,canvas.py,2
Method,_real_initialize,2,0.0,-,-,canvas.py,1
Method,_login,43,0.075,-,-,canvas.py,1
Method,_real_extract,69,0.122807,-,-,canvas.py,2
Method,_real_extract,18,0.0,-,-,cartoonnetwork.py,2
Method,_parse_smil_subtitles,8,0.0,-,-,cbs.py,4
Method,_extract_video_info,52,0.0,-,-,cbs.py,4
Method,_real_extract,3,0.0,-,-,cbs.py,2
Method,_real_extract,31,0.0,-,-,cbsinteractive.py,2
Method,_real_extract,18,0.0,-,-,cbsnews.py,2
Method,_real_extract,20,0.0,-,-,cbsnews.py,2
Method,_extract_video_info,2,0.0,-,-,cbssports.py,3
Method,_real_extract,7,0.0,-,-,cbssports.py,2
Method,_real_extract,46,0.0,-,-,ccc.py,2
Method,_extract_urls,5,0.0,-,-,channel9.py,1
Method,_extract_list,8,0.0,-,-,channel9.py,3
Method,_real_extract,161,0.0,-,-,channel9.py,2
Method,_real_extract,21,0.0,-,-,charlierose.py,2
Method,_real_extract,47,0.0243902,-,-,chaturbate.py,2
Method,_real_extract,44,0.108108,-,-,chilloutzone.py,2
Method,_real_extract,34,0.0689655,-,-,chirbit.py,2
Method,_real_extract,10,0.0,-,-,chirbit.py,2
Method,_real_extract,32,0.06451609999999999,-,-,cinchcast.py,2
Method,_real_extract,40,0.0,-,-,cliphunter.py,2
Method,_real_extract,42,0.0,-,-,clippit.py,2
Method,_real_extract,11,0.0,-,-,cliprs.py,2
Method,_real_extract,23,0.0526316,-,-,clipsyndicate.py,2
Method,_real_extract,45,0.0,-,-,closertotruth.py,2
Method,_extract_urls,7,0.0,-,-,cloudflarestream.py,1
Method,_real_extract,17,0.0,-,-,cloudflarestream.py,2
Method,_real_extract,32,0.0,-,-,cloudy.py,2
Method,_real_extract,39,0.0,-,-,clyp.py,2
Method,_extract_mgid,7,0.0,-,-,cmt.py,2
Method,_real_extract,5,0.0,-,-,cmt.py,2
Method,_real_extract,10,0.0,-,-,cnbc.py,2
Method,_real_extract,9,0.0,-,-,cnbc.py,2
Method,_extract_timestamp,3,0.333333,-,-,cnn.py,2
Method,_real_extract,11,0.0,-,-,cnn.py,2
Method,_real_extract,8,0.0,-,-,cnn.py,2
Method,_real_extract,8,0.0,-,-,cnn.py,2
Method,_real_extract,44,0.0,-,-,comcarcoff.py,2
Method,_real_extract,6,0.0,-,-,comedycentral.py,2
Method,_real_extract,10,0.0,-,-,comedycentral.py,2
Method,_real_extract,8,0.0,-,-,comedycentral.py,2
Method,_real_extract,9,0.0,-,-,commonmistakes.py,2
Method,_real_extract,6,0.0,-,-,commonmistakes.py,2
Method,_real_extract,12,0.0,-,-,commonprotocols.py,2
Method,_real_extract,9,0.0,-,-,commonprotocols.py,2
Method,_real_extract,18,0.0,-,-,corus.py,2
Method,_real_extract,95,0.0,-,-,coub.py,2
Method,_real_extract,51,0.0,-,-,cracked.py,2
Method,_real_extract,115,0.00970874,-,-,crackle.py,2
Method,_real_extract,31,0.0,-,-,crooksandliars.py,2
Method,_real_extract,116,0.00952381,-,-,cspan.py,2
Method,_real_extract,14,0.0,-,-,ctvnews.py,2
Method,_real_extract,37,0.03125,-,-,cultureunplugged.py,2
Method,_handle_errors,7,0.0,-,-,curiositystream.py,2
Method,_call_api,8,0.0,-,-,curiositystream.py,3
Method,_real_initialize,11,0.0,-,-,curiositystream.py,1
Method,_extract_media_info,66,0.0,-,-,curiositystream.py,2
Method,_real_extract,4,0.0,-,-,curiositystream.py,2
Method,_real_extract,10,0.0,-,-,curiositystream.py,2
Method,_real_extract,30,0.0,-,-,cwtv.py,2
Method,_extract_urls,5,0.0,-,-,dailymail.py,1
Method,_real_extract,47,0.0,-,-,dailymail.py,2
Method,_real_extract,71,0.035714300000000004,-,-,daisuki.py,2
Method,_real_extract,21,0.0,-,-,daisuki.py,2
Method,_real_extract,64,0.0169492,-,-,deezer.py,2
Method,_real_extract,20,0.0,-,-,defense.py,2
Method,_real_extract,53,0.0243902,-,-,democracynow.py,2
Method,_real_extract,33,0.0333333,-,-,dfb.py,2
Method,_real_extract,27,0.0,-,-,dhm.py,2
Method,_real_extract,24,0.0,-,-,digg.py,2
Method,_real_extract,53,0.0212766,-,-,discovery.py,2
Method,_extract_video_info,65,0.0,-,-,discoverygo.py,4
Method,_real_extract,17,0.0,-,-,discoverygo.py,2
Method,suitable,4,0.0,-,-,discoverygo.py,2
Method,_real_extract,24,0.0,-,-,discoverygo.py,2
Method,_real_extract,39,0.0,-,-,discoveryvr.py,2
Method,_real_extract,91,0.0232558,-,-,disney.py,2
Method,_parse_mp4,30,0.07142860000000001,-,-,dispeak.py,2
Method,_parse_flv,33,0.0,-,-,dispeak.py,2
Method,_real_extract,17,0.0,-,-,dispeak.py,2
Method,_real_extract,38,0.0,-,-,dotsub.py,2
Method,_get_consumer_secret,9,0.0,-,-,dramafever.py,1
Method,_real_initialize,3,0.0,-,-,dramafever.py,1
Method,_login,33,0.0344828,-,-,dramafever.py,1
Method,_call_api,6,0.0,-,-,dramafever.py,5
Method,_get_subtitles,18,0.0,-,-,dramafever.py,2
Method,_real_extract,63,0.0,-,-,dramafever.py,2
Method,_real_extract,28,0.0,-,-,dramafever.py,2
Method,_real_extract,28,0.0,-,-,drbonanza.py,2
Method,_parse_smil_formats,29,0.0,-,-,dreisat.py,7
Method,extract_from_xml_url,116,0.019802,-,-,dreisat.py,3
Method,_real_extract,4,0.0,-,-,dreisat.py,2
Method,_extract_urls,5,0.0,-,-,drtuber.py,1
Method,_real_extract,61,0.0,-,-,drtuber.py,2
Method,_real_extract,46,0.0,-,-,dtube.py,2
Method,_real_extract,39,0.0,-,-,dumpert.py,2
Method,_real_extract,14,0.0,-,-,ebaumsworld.py,2
Method,_real_extract,29,0.0,-,-,egghead.py,2
Method,_real_extract,42,0.0,-,-,egghead.py,2
Method,_real_extract,17,0.0,-,-,ehow.py,2
Method,_decrypt,4,0.2,-,-,einthusan.py,3
Method,_real_extract,60,0.0,-,-,einthusan.py,2
Method,_extract_data_config,6,0.0,-,-,ellentube.py,3
Method,_extract_video,27,0.0,-,-,ellentube.py,3
Method,_real_extract,6,0.0,-,-,ellentube.py,2
Method,_real_extract,7,0.0,-,-,ellentube.py,2
Method,_real_extract,13,0.0,-,-,ellentube.py,2
Method,_real_extract,2,0.0,-,-,embedly.py,2
Method,_real_extract,3,0.0,-,-,engadget.py,2
Method,_real_extract,78,0.0,-,-,eporner.py,2
Method,_login,22,0.0,-,-,eroprofile.py,1
Method,_real_initialize,2,0.0,-,-,eroprofile.py,1
Method,_real_extract,29,0.0,-,-,eroprofile.py,2
Method,_real_extract,41,0.0,-,-,escapist.py,2
Method,_real_extract,33,0.0,-,-,espn.py,2
Method,suitable,3,0.0,-,-,espn.py,2
Method,_real_extract,11,0.0,-,-,espn.py,2
Method,_real_extract,11,0.0,-,-,espn.py,2
Method,_real_extract,44,0.0,-,-,esri.py,2
Method,_real_extract,45,0.0,-,-,europa.py,2
Method,_real_extract,40,0.0,-,-,everyonesmixtape.py,2
Method,_real_extract,51,0.0,-,-,expotv.py,2
Method,_real_extract,20,0.0,-,-,extremetube.py,2
Method,_real_extract,57,0.0,-,-,filmon.py,2
Method,_real_extract,55,0.04,-,-,filmon.py,2
Method,_real_extract,19,0.0,-,-,filmweb.py,2
Method,_real_extract,3,0.0,-,-,fivemin.py,2
Method,_call_api,14,0.0,-,-,flickr.py,6
Method,_real_extract,49,0.0,-,-,flickr.py,2
Method,_real_extract,77,0.0298507,-,-,flipagram.py,2
Method,_real_extract,29,0.0,-,-,footyroom.py,2
Method,_real_extract,7,0.0,-,-,formula1.py,2
Method,_extract_formats,17,0.0,-,-,fourtube.py,5
Method,_real_extract,72,0.0,-,-,fourtube.py,2
Method,_real_extract,48,0.0,-,-,fourtube.py,2
Method,_real_extract,86,0.0,-,-,fox.py,2
Method,_real_extract,14,0.0,-,-,fox9.py,2
Method,_real_extract,36,0.06451609999999999,-,-,foxgay.py,2
Method,_extract_urls,7,0.0,-,-,foxnews.py,1
Method,_real_extract,7,0.0,-,-,foxnews.py,2
Method,_real_extract,13,0.0,-,-,foxnews.py,2
Method,_real_extract,16,0.0,-,-,foxsports.py,2
Method,_real_extract,36,0.0,-,-,franceculture.py,2
Method,_real_extract,34,0.0,-,-,franceinter.py,2
Method,_real_extract,49,0.0,-,-,freesound.py,2
Method,_real_extract,12,0.0,-,-,freespeech.py,2
Method,_real_initialize,2,0.0,-,-,frontendmasters.py,1
Method,_login,37,0.0344828,-,-,frontendmasters.py,1
Method,_download_course,4,0.0,-,-,frontendmasters.py,3
Method,_extract_chapters,7,0.0,-,-,frontendmasters.py,1
Method,_extract_lesson,39,0.0,-,-,frontendmasters.py,3
Method,_real_extract,43,0.0,-,-,frontendmasters.py,2
Method,_real_extract,13,0.0,-,-,frontendmasters.py,2
Method,suitable,4,0.0,-,-,frontendmasters.py,2
Method,_real_extract,22,0.0,-,-,frontendmasters.py,2
Method,_login,17,0.0,-,-,funimation.py,1
Method,_real_initialize,2,0.0,-,-,funimation.py,1
Method,_real_extract,72,0.0,-,-,funimation.py,2
Method,_real_extract,114,0.0,-,-,funnyordie.py,2
Method,_real_extract,9,0.0,-,-,fusion.py,2
Method,_real_extract,40,0.0,-,-,fxnetworks.py,2
Method,_real_extract,10,0.0,-,-,gameinformer.py,2
Method,_real_extract,91,0.011494299999999999,-,-,gamespot.py,2
Method,_login,22,0.0,-,-,gdcvault.py,3
Method,_real_extract,59,0.0784314,-,-,gdcvault.py,2
Method,_real_extract,62,0.0,-,-,gfycat.py,2
Method,_real_extract,57,0.0,-,-,giantbomb.py,2
Method,_gigya_login,11,0.0,-,-,gigya.py,2
Method,_real_extract,23,0.0,-,-,glide.py,2
Method,_extract_videos,5,0.0,-,-,go.py,4
Method,_real_extract,137,0.0300752,-,-,go.py,2
Method,_real_extract,113,0.0,-,-,go90.py,2
Method,_real_extract,28,0.0,-,-,godtube.py,2
Method,_real_extract,42,0.0,-,-,golem.py,2
Method,_extract_url,7,0.0,-,-,googledrive.py,1
Method,_download_subtitles_xml,19,0.0,-,-,googledrive.py,4
Method,_get_captions_by_type,30,0.0,-,-,googledrive.py,5
Method,_get_subtitles,7,0.0,-,-,googledrive.py,4
Method,_get_automatic_captions,14,0.0,-,-,googledrive.py,4
Method,_real_extract,99,0.021978,-,-,googledrive.py,2
Method,_get_n_results,37,0.06451609999999999,-,-,googlesearch.py,3
Method,_real_extract,24,0.0,-,-,goshgay.py,2
Method,_real_extract,16,0.0,-,-,gputechconf.py,2
Method,_real_extract,28,0.0,-,-,groupon.py,2
Method,_real_extract,13,0.0,-,-,hark.py,2
Method,_extract_from_id,82,0.0,-,-,hbo.py,2
Method,_real_extract,3,0.0,-,-,hbo.py,2
Method,_real_extract,13,0.0,-,-,hbo.py,2
Method,_real_extract,78,0.0140845,-,-,hearthisat.py,2
Method,_real_extract,45,0.0,-,-,hellporno.py,2
Method,_real_extract,21,0.0,-,-,hentaistigma.py,2
Method,_real_extract,17,0.0,-,-,hgtv.py,2
Method,_real_initialize,16,0.0,-,-,hidive.py,1
Method,_real_extract,62,0.0,-,-,hidive.py,2
Method,_real_extract,26,0.0,-,-,historicfilms.py,2
Method,_extract_metadata,45,0.0,-,-,hitbox.py,3
Method,_real_extract,39,0.0,-,-,hitbox.py,2
Method,suitable,3,0.0,-,-,hitbox.py,2
Method,_real_extract,55,0.0196078,-,-,hitbox.py,2
Method,_real_extract,34,0.0,-,-,hitrecord.py,2
Method,_real_extract,23,0.0,-,-,hornbunny.py,2
Method,_real_extract,42,0.0,-,-,hotnewhiphop.py,2
Method,_call_api,19,0.0,-,-,hotstar.py,4
Method,_real_extract,57,0.0192308,-,-,hotstar.py,2
Method,_real_extract,13,0.0,-,-,hotstar.py,2
Method,_real_extract,17,0.0,-,-,howcast.py,2
Method,_real_extract,59,0.0,-,-,howstuffworks.py,2
Method,_initialize_api,35,0.0,-,-,hrti.py,1
Method,_login,28,0.041666699999999994,-,-,hrti.py,1
Method,_real_initialize,3,0.0,-,-,hrti.py,1
Method,_real_extract,36,0.0,-,-,hrti.py,2
Method,_real_extract,16,0.0,-,-,hrti.py,2
Method,_real_extract,56,0.0,-,-,huffpost.py,2
Method,_real_extract,35,0.0,-,-,hypem.py,2
Method,_real_extract,56,0.0,-,-,iconosquare.py,2
Method,_find_video_id,11,0.0,-,-,ign.py,2
Method,_real_extract,22,0.0,-,-,ign.py,2
Method,_get_video_info,41,0.0,-,-,ign.py,2
Method,_real_extract,5,0.0,-,-,ign.py,2
Method,_real_extract,43,0.0,-,-,imdb.py,2
Method,_real_extract,15,0.0,-,-,imdb.py,2
Method,_real_extract,62,0.0,-,-,imgur.py,2
Method,_real_extract,19,0.0625,-,-,imgur.py,2
Method,_real_extract,16,0.0,-,-,inc.py,2
Method,_extract_embed_url,17,0.0,-,-,instagram.py,1
Method,_real_extract,109,0.0,-,-,instagram.py,2
Method,_entries,96,0.0,-,-,instagram.py,2
Method,_real_extract,12,0.0,-,-,instagram.py,2
Method,_real_extract,42,0.0,-,-,internazionale.py,2
Method,_build_json_url,3,0.0,-,-,internetvideoarchive.py,1
Method,_build_xml_url,3,0.0,-,-,internetvideoarchive.py,1
Method,_real_extract,61,0.037037,-,-,internetvideoarchive.py,2
Method,_real_extract,210,0.00515464,-,-,itv.py,2
Method,_real_extract,21,0.117647,-,-,itv.py,2
Method,_real_extract,38,0.0,-,-,jove.py,2
Method,_extract_url,4,0.0,-,-,jwplatform.py,1
Method,_extract_urls,5,0.0,-,-,jwplatform.py,1
Method,_real_extract,4,0.0,-,-,jwplatform.py,2
Method,_extract_url,47,0.0212766,-,-,kaltura.py,1
Method,_kaltura_api_call,17,0.0,-,-,kaltura.py,6
Method,_get_video_info,36,0.027027,-,-,kaltura.py,4
Method,_real_extract,138,0.10769200000000001,-,-,kaltura.py,2
Method,_real_extract,24,0.0,-,-,kankan.py,2
Method,_real_extract,18,0.0,-,-,keek.py,2
Method,_extract_info,68,0.0,-,-,keezmovies.py,3
Method,_real_extract,7,0.0,-,-,keezmovies.py,2
Method,_real_extract,49,0.0,-,-,ketnet.py,2
Method,_real_extract,44,0.025,-,-,khanacademy.py,2
Method,_real_extract,30,0.0344828,-,-,kickstarter.py,2
Method,_real_extract,94,0.0,-,-,konserthusetplay.py,2
Method,_real_extract,15,0.0,-,-,ku6.py,2
Method,_real_extract,52,0.0227273,-,-,kusi.py,2
Method,_real_extract,7,0.0,-,-,lci.py,2
Method,_real_extract,10,0.0,-,-,learnr.py,2
Method,_real_extract,13,0.0,-,-,lemonde.py,2
Method,_real_extract,82,0.0285714,-,-,libraryofcongress.py,2
Method,_real_extract,48,0.0238095,-,-,libsyn.py,2
Method,_extract_urls,40,0.157895,-,-,limelight.py,3
Method,_call_playlist_service,15,0.0,-,-,limelight.py,5
Method,_call_api,4,0.0,-,-,limelight.py,4
Method,_extract,5,0.0,-,-,limelight.py,6
Method,_extract_info,130,0.0,-,-,limelight.py,4
Method,_extract_info_helper,5,0.0,-,-,limelight.py,5
Method,_real_extract,13,0.0,-,-,limelight.py,2
Method,_real_extract,14,0.0,-,-,limelight.py,2
Method,_real_extract,10,0.0,-,-,limelight.py,2
Method,_real_extract,63,0.0192308,-,-,line.py,2
Method,_call_api,18,0.0,-,-,linkedin.py,5
Method,_get_video_id,6,0.0,-,-,linkedin.py,4
Method,_real_initialize,24,0.0,-,-,linkedin.py,1
Method,_real_extract,48,0.0,-,-,linkedin.py,2
Method,suitable,3,0.0,-,-,linkedin.py,2
Method,_real_extract,24,0.0,-,-,linkedin.py,2
Method,_extract_urls,5,0.0,-,-,liveleak.py,1
Method,_real_extract,53,0.043478300000000004,-,-,liveleak.py,2
Method,_real_extract,13,0.0,-,-,liveleak.py,2
Method,_parse_smil_formats,25,0.0,-,-,livestream.py,7
Method,_extract_video_info,61,0.0,-,-,livestream.py,2
Method,_extract_stream_info,30,0.0,-,-,livestream.py,2
Method,_extract_event,29,0.0,-,-,livestream.py,2
Method,_real_extract,13,0.0,-,-,livestream.py,2
Method,_extract_video_info,22,0.0,-,-,livestream.py,3
Method,_extract_video_formats,25,0.0,-,-,livestream.py,3
Method,_extract_folder,14,0.0,-,-,livestream.py,3
Method,_real_extract,31,0.0322581,-,-,livestream.py,2
Method,_real_extract,9,0.0,-,-,livestream.py,2
Method,_real_extract,21,0.0,-,-,localnews8.py,2
Method,_real_extract,13,0.0,-,-,lovehomeporn.py,2
Method,_real_extract,49,0.0227273,-,-,lrt.py,2
Method,_real_initialize,2,0.0,-,-,lynda.py,1
Method,_check_error,7,0.0,-,-,lynda.py,2
Method,_login_step,22,0.0,-,-,lynda.py,6
Method,_login,27,0.173913,-,-,lynda.py,1
Method,_raise_unavailable,3,0.0,-,-,lynda.py,2
Method,_real_extract,100,0.012048200000000002,-,-,lynda.py,2
Method,_fix_subtitles,20,0.0,-,-,lynda.py,2
Method,_get_subtitles,8,0.0,-,-,lynda.py,2
Method,_real_extract,59,0.0408163,-,-,lynda.py,2
Method,_real_extract,21,0.0,-,-,macgamestore.py,2
Method,_real_extract,11,0.0,-,-,makertv.py,2
Method,_get_real_id,2,0.0,-,-,mangomolo.py,2
Method,_real_extract,23,0.0,-,-,mangomolo.py,2
Method,_get_real_id,2,0.0,-,-,mangomolo.py,2
Method,_real_extract,27,0.0,-,-,manyvids.py,2
Method,_real_extract,48,0.0,-,-,massengeschmacktv.py,2
Method,_real_initialize,2,0.0,-,-,medialaan.py,1
Method,_login,20,0.0,-,-,medialaan.py,1
Method,_real_extract,130,0.0178571,-,-,medialaan.py,2
Method,_extract_urls,24,0.0,-,-,mediaset.py,2
Method,_real_extract,52,0.0,-,-,mediaset.py,2
Method,_real_extract,44,0.027777800000000002,-,-,medici.py,2
Method,_real_extract,24,0.0,-,-,megaphone.py,2
Method,_extract_urls,4,0.0,-,-,megaphone.py,2
Method,report_disclaimer,2,0.0,-,-,metacafe.py,1
Method,_real_extract,157,0.0689655,-,-,metacafe.py,2
Method,_real_extract,31,0.035714300000000004,-,-,metacritic.py,2
Method,_real_extract,45,0.0,-,-,mgoon.py,2
Method,_extract_base_url,4,0.0,-,-,microsoftvirtualacademy.py,3
Method,_extract_chapter_and_title,5,0.0,-,-,microsoftvirtualacademy.py,2
Method,_real_extract,64,0.0,-,-,microsoftvirtualacademy.py,2
Method,suitable,4,0.0,-,-,microsoftvirtualacademy.py,2
Method,_real_extract,42,0.0,-,-,microsoftvirtualacademy.py,2
Method,_real_extract,42,0.0,-,-,minhateca.py,2
Method,_real_extract,25,0.0,-,-,ministrygrid.py,2
Method,_real_extract,36,0.0,-,-,minoto.py,2
Method,_real_extract,36,0.0,-,-,mit.py,2
Method,_real_extract,7,0.0,-,-,mit.py,2
Method,_real_extract,33,0.0666667,-,-,mit.py,2
Method,_decrypt_xor_cipher,6,0.166667,-,-,mixcloud.py,2
Method,_real_extract,131,0.041666699999999994,-,-,mixcloud.py,2
Method,_find_urls_in_page,5,0.0,-,-,mixcloud.py,2
Method,_fetch_tracks_page,8,0.0,-,-,mixcloud.py,6
Method,_tracks_page_func,5,0.0,-,-,mixcloud.py,5
Method,_get_user_description,4,0.0,-,-,mixcloud.py,2
Method,_real_extract,27,0.047619,-,-,mixcloud.py,2
Method,_real_extract,24,0.0,-,-,mixcloud.py,2
Method,_real_extract,27,0.0,-,-,mixcloud.py,2
Method,_real_extract,56,0.0196078,-,-,moevideo.py,2
Method,_real_extract,23,0.0,-,-,mofosex.py,2
Method,_real_extract,24,0.0,-,-,morningstar.py,2
Method,_real_extract,57,0.0,-,-,motherless.py,2
Method,suitable,4,0.0,-,-,motherless.py,2
Method,_extract_entries,22,0.0454545,-,-,motherless.py,3
Method,_real_extract,23,0.0,-,-,motherless.py,2
Method,_real_extract,23,0.0,-,-,moviezine.py,2
Method,_real_extract,24,0.0,-,-,movingimage.py,2
Method,_id_from_uri,3,0.0,-,-,mtv.py,1
Method,_remove_template_parameter,4,0.25,-,-,mtv.py,1
Method,_get_feed_url,2,0.0,-,-,mtv.py,2
Method,_get_thumbnail_url,6,0.0,-,-,mtv.py,3
Method,_extract_mobile_video_formats,14,0.14285699999999998,-,-,mtv.py,2
Method,_extract_video_formats,41,0.025,-,-,mtv.py,4
Method,_extract_subtitles,18,0.0,-,-,mtv.py,3
Method,_get_video_info,73,0.0491803,-,-,mtv.py,3
Method,_get_feed_query,5,0.0,-,-,mtv.py,2
Method,_get_videos_info,5,0.0,-,-,mtv.py,3
Method,_get_videos_info_from_url,16,0.0,-,-,mtv.py,4
Method,_extract_triforce_mgid,20,0.0,-,-,mtv.py,4
Method,_extract_mgid,26,0.0909091,-,-,mtv.py,2
Method,_real_extract,6,0.0,-,-,mtv.py,2
Method,_extract_url,6,0.0,-,-,mtv.py,1
Method,_get_feed_url,5,0.0,-,-,mtv.py,2
Method,_real_extract,4,0.0,-,-,mtv.py,2
Method,_extract_mgid,4,0.0,-,-,mtv.py,2
Method,_real_extract,5,0.0,-,-,mtv.py,2
Method,_get_thumbnail_url,2,0.0,-,-,mtv.py,3
Method,_real_extract,17,0.0666667,-,-,mtv.py,2
Method,_real_extract,19,0.07142860000000001,-,-,mtv.py,2
Method,_real_extract,33,0.0,-,-,musicplayon.py,2
Method,_real_extract,32,0.0,-,-,mwave.py,2
Method,_real_extract,8,0.0,-,-,mwave.py,2
Method,_real_extract,16,0.0,-,-,mychannels.py,2
Method,_real_extract,48,0.0909091,-,-,myspass.py,2
Method,_real_extract,7,0.0,-,-,myvidster.py,2
Method,_real_extract,16,0.0,-,-,nationalgeographic.py,2
Method,_real_extract,39,0.0,-,-,nationalgeographic.py,2
Method,_real_extract,13,0.0,-,-,nationalgeographic.py,2
Method,_fetch_page,13,0.0,-,-,nba.py,4
Method,_extract_playlist,17,0.0,-,-,nba.py,4
Method,_real_extract,26,0.0454545,-,-,nba.py,2
Method,_real_extract,39,0.0,-,-,nbc.py,2
Method,_extract_url,6,0.0,-,-,nbc.py,1
Method,_real_extract,6,0.0,-,-,nbc.py,2
Method,_real_extract,5,0.0,-,-,nbc.py,2
Method,_real_extract,40,0.0,-,-,nbc.py,2
Method,_real_extract,9,0.0,-,-,nbc.py,2
Method,_real_extract,55,0.04,-,-,nbc.py,2
Method,_real_extract,19,0.0,-,-,nbc.py,2
Method,_real_extract,32,0.0,-,-,nbc.py,2
Method,_real_extract,17,0.0,-,-,nerdcubed.py,2
Method,_real_extract,53,0.0,-,-,netzkino.py,2
Method,_real_extract,64,0.0,-,-,newgrounds.py,2
Method,_real_extract,26,0.047619,-,-,newgrounds.py,2
Method,_real_extract,77,0.0,-,-,nfb.py,2
Method,prepend_host,7,0.0,-,-,nfl.py,2
Method,format_from_stream,15,0.0,-,-,nfl.py,6
Method,_real_extract,76,0.0307692,-,-,nfl.py,2
Method,_real_extract,27,0.0,-,-,nhk.py,2
Method,_real_extract,64,0.0,-,-,nhl.py,2
Method,_real_extract,82,0.0,-,-,ninecninemedia.py,2
Method,_real_extract,36,0.0,-,-,ninegag.py,2
Method,_real_extract,47,0.0,-,-,ninenow.py,2
Method,_real_extract,35,0.0,-,-,nobelprize.py,2
Method,_real_initialize,2,0.0,-,-,noco.py,1
Method,_login,19,0.0,-,-,noco.py,1
Method,_ts,3,0.0,-,-,noco.py,0
Method,_call_api,16,0.0,-,-,noco.py,5
Method,_raise_error,4,0.0,-,-,noco.py,3
Method,_real_extract,123,0.039604,-,-,noco.py,2
Method,_real_extract,9,0.0,-,-,nonktube.py,2
Method,_real_extract,42,0.0,-,-,nosvideo.py,2
Method,_check_existence,3,0.0,-,-,novamov.py,3
Method,_real_extract,50,0.0,-,-,novamov.py,2
Method,_get_token,4,0.0,-,-,npo.py,2
Method,suitable,5,0.0,-,-,npo.py,2
Method,_real_extract,3,0.0,-,-,npo.py,2
Method,_get_info,158,0.0851064,-,-,npo.py,2
Method,_real_extract,15,0.0,-,-,npo.py,2
Method,suitable,3,0.0,-,-,npo.py,2
Method,_html_get_attribute_regex,3,0.0,-,-,npo.py,1
Method,_real_extract,22,0.0,-,-,npo.py,2
Method,_real_extract,17,0.0,-,-,npo.py,2
Method,_real_extract,11,0.0,-,-,npo.py,2
Method,_real_extract,15,0.0,-,-,npo.py,2
Method,_real_extract,46,0.0,-,-,npr.py,2
Method,_extract_nuevo,27,0.0,-,-,nuevo.py,4
Method,_real_extract,47,0.0697674,-,-,nuvid.py,2
Method,_real_extract,15,0.0,-,-,nzz.py,2
Method,_extract_once_formats,30,0.0666667,-,-,once.py,3
Method,_real_extract,36,0.0333333,-,-,ondemandkorea.py,2
Method,_extract_url,6,0.0,-,-,onionstudios.py,1
Method,_real_extract,38,0.0,-,-,onionstudios.py,2
Method,_extract,81,0.0,-,-,ooyala.py,6
Method,_url_for_embed_code,3,0.0,-,-,ooyala.py,1
Method,_build_url_result,4,0.0,-,-,ooyala.py,2
Method,_real_extract,8,0.0,-,-,ooyala.py,2
Method,_real_extract,4,0.0,-,-,ooyala.py,2
Method,_version,3,0.0,-,-,openload.py,0
Method,__init__,25,0.0,-,-,openload.py,4
Method,__del__,6,0.0,-,-,openload.py,1
Method,_save_cookies,9,0.0,-,-,openload.py,2
Method,_load_cookies,9,0.0,-,-,openload.py,1
Method,get,76,0.514706,-,-,openload.py,8
Method,_extract_urls,5,0.0,-,-,openload.py,1
Method,_real_extract,56,0.0,-,-,openload.py,2
Method,_real_extract,46,0.0227273,-,-,ora.py,2
Method,_real_initialize,16,0.0,-,-,packtpub.py,1
Method,_handle_error,5,0.0,-,-,packtpub.py,2
Method,_download_json,4,0.0,-,-,packtpub.py,3
Method,_real_extract,38,0.0,-,-,packtpub.py,2
Method,suitable,4,0.0,-,-,packtpub.py,2
Method,_real_extract,37,0.0,-,-,packtpub.py,2
Method,_real_extract,18,0.0,-,-,parliamentliveuk.py,2
Method,_real_extract,40,0.0,-,-,patreon.py,2
Method,_real_initialize,8,0.11111099999999999,-,-,pbs.py,1
Method,_extract_webpage,92,0.126437,-,-,pbs.py,2
Method,_extract_video_data,7,0.0,-,-,pbs.py,5
Method,_real_extract,156,0.0774648,-,-,pbs.py,2
Method,_extract_peertube_url,10,0.0,-,-,peertube.py,2
Method,_extract_urls,10,0.0,-,-,peertube.py,2
Method,_real_extract,59,0.0,-,-,peertube.py,2
Method,_call_api,9,0.0,-,-,performgroup.py,5
Method,_real_extract,48,0.0,-,-,performgroup.py,2
Method,_real_extract,10,0.0,-,-,phoenix.py,2
Method,_real_extract,22,0.05,-,-,photobucket.py,2
Method,suitable,3,0.0,-,-,picarto.py,2
Method,_real_extract,89,0.012820500000000002,-,-,picarto.py,2
Method,_real_extract,22,0.0,-,-,picarto.py,2
Method,_real_extract,55,0.0,-,-,pinkbike.py,2
Method,_real_extract,39,0.0,-,-,playfm.py,2
Method,_real_extract,28,0.0,-,-,plays.py,2
Method,_real_extract,59,0.0392157,-,-,playvid.py,2
Method,_real_extract,28,0.0,-,-,playwire.py,2
Method,_download_course,9,0.11111099999999999,-,-,pluralsight.py,4
Method,_download_course_rpc,16,0.0,-,-,pluralsight.py,4
Method,_real_initialize,2,0.0,-,-,pluralsight.py,1
Method,_login,49,0.025,-,-,pluralsight.py,1
Method,_get_subtitles,30,0.0,-,-,pluralsight.py,8
Method,_convert_subtitles,26,0.0,-,-,pluralsight.py,2
Method,_real_extract,152,0.102362,-,-,pluralsight.py,2
Method,_real_extract,40,0.0285714,-,-,pluralsight.py,2
Method,_real_extract,29,0.0,-,-,podomatic.py,2
Method,_real_extract,42,0.0,-,-,popcorntv.py,2
Method,_real_extract,61,0.0,-,-,porncom.py,2
Method,_real_extract,51,0.0,-,-,pornflip.py,2
Method,_real_extract,53,0.0,-,-,pornhd.py,2
Method,_real_extract,58,0.0,-,-,pornotube.py,2
Method,_real_extract,31,0.0,-,-,pornoxo.py,2
Method,_real_extract,48,0.1,-,-,presstv.py,2
Method,_real_extract,39,0.0,-,-,primesharetv.py,2
Method,_real_extract,44,0.0,-,-,promptfile.py,2
Method,_real_extract,22,0.0,-,-,puls4.py,2
Method,_real_extract,44,0.0,-,-,pyvideo.py,2
Method,_real_extract,29,0.0,-,-,radiode.py,2
Method,_real_extract,52,0.0,-,-,radiojavan.py,2
Method,_extract_relinker_info,69,0.0344828,-,-,rai.py,3
Method,_extract_subtitles,18,0.0,-,-,rai.py,2
Method,_real_extract,48,0.0,-,-,rai.py,2
Method,_real_extract,16,0.0,-,-,rai.py,2
Method,_real_extract,20,0.0,-,-,rai.py,2
Method,_extract_from_content_id,47,0.0,-,-,rai.py,3
Method,_real_extract,72,0.0,-,-,rai.py,2
Method,_extract_video_id,20,0.0,-,-,raywenderlich.py,2
Method,_real_extract,57,0.0,-,-,raywenderlich.py,2
Method,suitable,4,0.0,-,-,raywenderlich.py,2
Method,_real_extract,20,0.0,-,-,raywenderlich.py,2
Method,_real_extract,41,0.0,-,-,rbmaradio.py,2
Method,_real_extract,58,0.0,-,-,redbulltv.py,2
Method,_real_extract,18,0.0,-,-,reddit.py,2
Method,_real_extract,35,0.0344828,-,-,reddit.py,2
Method,_extract_urls,5,0.0,-,-,redtube.py,1
Method,_real_extract,76,0.0285714,-,-,redtube.py,2
Method,_real_extract,42,0.0,-,-,reuters.py,2
Method,_real_extract,29,0.0,-,-,reverbnation.py,2
Method,_real_extract,36,0.0,-,-,revision3.py,2
Method,_real_extract,71,0.0,-,-,revision3.py,2
Method,_real_extract,85,0.0,-,-,rice.py,2
Method,_real_extract,13,0.0,-,-,rmcdecouverte.py,2
Method,_real_extract,23,0.0,-,-,ro220.py,2
Method,_real_extract,40,0.0,-,-,rockstargames.py,2
Method,_login,34,0.0,-,-,roosterteeth.py,1
Method,_real_initialize,2,0.0,-,-,roosterteeth.py,1
Method,_real_extract,59,0.0,-,-,roosterteeth.py,2
Method,_real_extract,12,0.0,-,-,rottentomatoes.py,2
Method,_real_extract,25,0.0,-,-,roxwel.py,2
Method,_real_extract,42,0.0,-,-,rtvnh.py,2
Method,_real_extract,23,0.0,-,-,ruleporn.py,2
Method,_real_initialize,2,0.0,-,-,safari.py,1
Method,_login,40,0.0,-,-,safari.py,1
Method,_real_extract,47,0.0,-,-,safari.py,2
Method,_real_extract,6,0.0,-,-,safari.py,2
Method,suitable,4,0.0,-,-,safari.py,2
Method,_real_extract,18,0.0,-,-,safari.py,2
Method,_real_extract,8,0.0,-,-,savefrom.py,2
Method,_real_extract,28,0.0,-,-,sbs.py,2
Method,_real_extract,63,0.0,-,-,screencast.py,2
Method,_real_extract,15,0.0,-,-,screencastomatic.py,2
Method,_real_extract,45,0.0,-,-,scrippsnetworks.py,2
Method,_real_extract,13,0.0,-,-,seeker.py,2
Method,_search_iframe_url,7,0.0,-,-,senateisvp.py,1
Method,_get_info_for_comm,4,0.0,-,-,senateisvp.py,2
Method,_real_extract,52,0.0454545,-,-,senateisvp.py,2
Method,_extract_url,9,0.0,-,-,sendtonews.py,2
Method,_real_extract,48,0.0,-,-,sendtonews.py,2
Method,_real_extract,26,0.0,-,-,servingsys.py,2
Method,_real_extract,44,0.0,-,-,sevenplus.py,2
Method,_real_extract,42,0.0,-,-,sexu.py,2
Method,_real_extract,23,0.0,-,-,shared.py,2
Method,_extract_video_url,16,0.0,-,-,shared.py,4
Method,_extract_video_url,7,0.0,-,-,shared.py,4
Method,_real_extract,65,0.0,-,-,showroomlive.py,2
Method,_real_extract,20,0.0,-,-,skylinewebcams.py,2
Method,_real_extract,23,0.0,-,-,skysports.py,2
Method,_real_extract,28,0.0,-,-,slideshare.py,2
Method,_real_extract,11,0.0,-,-,slideslive.py,2
Method,_real_extract,32,0.0,-,-,slutload.py,2
Method,_real_extract,33,0.0,-,-,snotr.py,2
Method,_real_extract,8,0.0,-,-,sonyliv.py,2
Method,_real_extract,31,0.0,-,-,soundgasm.py,2
Method,_real_extract,10,0.0,-,-,soundgasm.py,2
Method,_real_extract,51,0.0,-,-,spankbang.py,2
Method,_real_extract,78,0.0,-,-,spankwire.py,2
Method,_real_extract,4,0.0,-,-,spiegeltv.py,2
Method,_extract_mgid,6,0.0,-,-,spike.py,2
Method,_real_extract,53,0.0,-,-,sportdeutschland.py,2
Method,_extract_urls,7,0.0,-,-,springboardplatform.py,1
Method,_real_extract,67,0.0,-,-,springboardplatform.py,2
Method,_real_extract,25,0.0,-,-,sprout.py,2
Method,_real_extract,65,0.05,-,-,stanfordoc.py,2
Method,_real_extract,82,0.0,-,-,steam.py,2
Method,_real_extract,32,0.0,-,-,stitcher.py,2
Method,_extract_url,7,0.0,-,-,streamable.py,1
Method,_real_extract,48,0.186047,-,-,streamable.py,2
Method,_real_extract,60,0.0,-,-,streamango.py,2
Method,_real_extract,28,0.0,-,-,stretchinternet.py,2
Method,_real_extract,47,0.0,-,-,sunporno.py,2
Method,_real_extract,29,0.0,-,-,syfy.py,2
Method,_real_extract,16,0.0,-,-,tastytrade.py,2
Method,_real_extract,3,0.0,-,-,tdslifeway.py,2
Method,_real_extract,45,0.0,-,-,teachertube.py,2
Method,_real_extract,17,0.0,-,-,teachertube.py,2
Method,_real_extract,8,0.0,-,-,teachingchannel.py,2
Method,_real_extract,37,0.027027,-,-,techtalks.py,2
Method,_extract_info,5,0.0,-,-,ted.py,2
Method,_real_extract,12,0.0,-,-,ted.py,2
Method,_playlist_videos_info,21,0.055555600000000004,-,-,ted.py,3
Method,_talk_info,128,0.0,-,-,ted.py,3
Method,_get_subtitles,17,0.0,-,-,ted.py,3
Method,_watch_info,30,0.0,-,-,ted.py,3
Method,_real_extract,14,0.0,-,-,tele5.py,2
Method,_real_extract,50,0.0,-,-,telegraaf.py,2
Method,_real_extract,18,0.0,-,-,teletask.py,2
Method,_login,30,0.0,-,-,tennistv.py,1
Method,_real_initialize,2,0.0,-,-,tennistv.py,1
Method,_real_extract,45,0.0,-,-,tennistv.py,2
Method,_real_extract,54,0.0217391,-,-,testurl.py,2
Method,_real_extract,27,0.0,-,-,tfo.py,2
Method,_real_extract,16,0.0,-,-,thescene.py,2
Method,_real_extract,9,0.0,-,-,thestar.py,2
Method,_real_extract,13,0.0,-,-,thesun.py,2
Method,_real_extract,54,0.0,-,-,theweatherchannel.py,2
Method,_real_extract,18,0.0,-,-,thisamericanlife.py,2
Method,_real_extract,15,0.0,-,-,thisoldhouse.py,2
Method,_extract_url,6,0.0,-,-,threeqsdn.py,1
Method,_real_extract,48,0.055555600000000004,-,-,threeqsdn.py,2
Method,_real_extract,27,0.0,-,-,tinypic.py,2
Method,_real_extract,3,0.0,-,-,tmz.py,2
Method,_real_extract,10,0.0,-,-,tmz.py,2
Method,_extract_thumbnails,34,0.0,-,-,tnaflix.py,2
Method,_real_extract,93,0.0,-,-,tnaflix.py,2
Method,_extract_urls,5,0.0,-,-,tnaflix.py,1
Method,_real_extract,118,0.027777800000000002,-,-,toggle.py,2
Method,_call_api,8,0.0,-,-,toongoggles.py,4
Method,_parse_episode_data,19,0.0,-,-,toongoggles.py,2
Method,_real_extract,17,0.0,-,-,toongoggles.py,2
Method,_real_extract,23,0.0,-,-,toypics.py,2
Method,_real_extract,32,0.0,-,-,toypics.py,2
Method,_real_extract,43,0.027027,-,-,traileraddict.py,2
Method,_real_extract,56,0.02,-,-,trilulilu.py,2
Method,_real_extract,25,0.0,-,-,trutv.py,2
Method,_extract_urls,5,0.0,-,-,tube8.py,1
Method,_real_extract,47,0.0,-,-,tube8.py,2
Method,_login,17,0.0,-,-,tubitv.py,1
Method,_real_initialize,2,0.0,-,-,tubitv.py,1
Method,_real_extract,38,0.0,-,-,tubitv.py,2
Method,_real_extract,9,0.0,-,-,tudou.py,2
Method,_real_extract,9,0.0,-,-,tudou.py,2
Method,_extract_urls,5,0.0,-,-,tunein.py,1
Method,_real_extract,51,0.0,-,-,tunein.py,2
Method,suitable,3,0.0,-,-,tunein.py,2
Method,_real_extract,8,0.125,-,-,tunein.py,2
Method,_real_extract,47,0.0,-,-,tunepk.py,2
Method,_real_extract,37,0.0,-,-,turbo.py,2
Method,_extract_timestamp,2,0.0,-,-,turner.py,2
Method,_add_akamai_spe_token,23,0.0,-,-,turner.py,6
Method,_extract_cvp_info,144,0.17266199999999998,-,-,turner.py,5
Method,_extract_ngtv_info,38,0.0,-,-,turner.py,4
Method,_real_extract,15,0.0,-,-,tutv.py,2
Method,_call_api,4,0.0,-,-,tvnow.py,4
Method,_extract_video,66,0.0,-,-,tvnow.py,3
Method,_real_extract,11,0.0,-,-,tvnow.py,2
Method,_extract_list_info,11,0.0,-,-,tvnow.py,3
Method,suitable,4,0.0,-,-,tvnow.py,2
Method,_real_extract,32,0.0,-,-,tvnow.py,2
Method,suitable,4,0.0,-,-,tvnow.py,2
Method,_real_extract,17,0.0,-,-,tvnow.py,2
Method,_real_extract,55,0.0,-,-,tvplayer.py,2
Method,_real_extract,36,0.0,-,-,tweakers.py,2
Method,_real_extract,40,0.0,-,-,twentythreevideo.py,2
Method,_handle_error,8,0.0,-,-,twitch.py,2
Method,_call_api,9,0.0,-,-,twitch.py,5
Method,_real_initialize,2,0.0,-,-,twitch.py,1
Method,_login,32,0.12,-,-,twitch.py,1
Method,_prefer_source,7,0.125,-,-,twitch.py,2
Method,_download_info,4,0.0,-,-,twitch.py,3
Method,_extract_media,28,0.0,-,-,twitch.py,2
Method,_extract_info,20,0.0,-,-,twitch.py,2
Method,_real_extract,2,0.0,-,-,twitch.py,2
Method,_real_extract,42,0.0,-,-,twitch.py,2
Method,_extract_playlist,40,0.125,-,-,twitch.py,2
Method,_make_url_result,6,0.0,-,-,twitch.py,2
Method,_extract_playlist_page,3,0.0,-,-,twitch.py,2
Method,_real_extract,2,0.0,-,-,twitch.py,2
Method,suitable,14,0.0,-,-,twitch.py,2
Method,_real_extract,67,0.0689655,-,-,twitch.py,2
Method,_real_extract,63,0.0,-,-,twitch.py,2
Method,_extract_course_info,9,0.0,-,-,udemy.py,3
Method,_enroll_course,22,0.0,-,-,udemy.py,4
Method,_download_lecture,8,0.0,-,-,udemy.py,3
Method,_handle_error,10,0.0,-,-,udemy.py,2
Method,_download_webpage_handle,6,0.0,-,-,udemy.py,3
Method,_download_json,21,0.0,-,-,udemy.py,4
Method,_real_initialize,2,0.0,-,-,udemy.py,1
Method,_login,35,0.035714300000000004,-,-,udemy.py,1
Method,_real_extract,143,0.025,-,-,udemy.py,2
Method,suitable,3,0.0,-,-,udemy.py,2
Method,_real_extract,45,0.0,-,-,udemy.py,2
Method,_real_initialize,14,0.0,-,-,ufctv.py,1
Method,_real_extract,27,0.0,-,-,ufctv.py,2
Method,_real_extract,5,0.0,-,-,uktvplay.py,2
Method,_real_extract,70,0.0,-,-,umg.py,2
Method,_real_extract,33,0.0,-,-,unistra.py,2
Method,_real_extract,7,0.0,-,-,unity.py,2
Method,_extract_uplynk_info,22,0.0,-,-,uplynk.py,2
Method,_real_extract,2,0.0,-,-,uplynk.py,2
Method,_real_extract,9,0.0,-,-,uplynk.py,2
Method,_real_initialize,2,0.0,-,-,upskill.py,1
Method,_login,45,0.0285714,-,-,upskill.py,1
Method,_real_extract,21,0.0,-,-,upskill.py,2
Method,suitable,4,0.0,-,-,upskill.py,2
Method,_real_extract,39,0.0,-,-,upskill.py,2
Method,_real_extract,47,0.0,-,-,usanetwork.py,2
Method,_real_extract,18,0.0,-,-,usatoday.py,2
Method,_extract_url,6,0.0,-,-,ustream.py,1
Method,_get_stream_info,26,0.0,-,-,ustream.py,5
Method,_get_streams,9,0.11111099999999999,-,-,ustream.py,4
Method,_parse_segmented_mp4,43,0.047619,-,-,ustream.py,2
Method,_real_extract,80,0.0298507,-,-,ustream.py,2
Method,_real_extract,25,0.0,-,-,ustream.py,2
Method,_real_extract,31,0.0,-,-,ustudio.py,2
Method,_real_extract,41,0.0,-,-,ustudio.py,2
Method,_real_extract,66,0.0377358,-,-,veehd.py,2
Method,_extract_formats,22,0.0,-,-,veoh.py,2
Method,_extract_video,12,0.0,-,-,veoh.py,2
Method,_real_extract,36,0.0,-,-,veoh.py,2
Method,_extract_urls,5,0.0,-,-,vessel.py,1
Method,make_json_request,6,0.0,-,-,vessel.py,2
Method,find_assets,9,0.0,-,-,vessel.py,3
Method,_check_access_rights,10,0.0,-,-,vessel.py,2
Method,_login,13,0.0,-,-,vessel.py,1
Method,_real_initialize,2,0.0,-,-,vessel.py,1
Method,_real_extract,64,0.0,-,-,vessel.py,2
Method,_extract_json,6,0.0,-,-,vevo.py,3
Method,_initialize_api,19,0.0,-,-,vevo.py,2
Method,_call_api,10,0.0,-,-,vevo.py,4
Method,_real_extract,116,0.0192308,-,-,vevo.py,2
Method,_real_extract,29,0.0,-,-,vevo.py,2
Method,_real_extract,52,0.0,-,-,vidbit.py,2
Method,_real_extract,67,0.0,-,-,viddler.py,2
Method,_real_extract,6,0.0,-,-,videodetective.py,2
Method,_real_extract,21,0.0,-,-,videofyme.py,2
Method,_real_extract,29,0.0,-,-,videomega.py,2
Method,_real_extract,23,0.05,-,-,videopremium.py,2
Method,_extract_urls,5,0.0,-,-,videopress.py,1
Method,_real_extract,47,0.0,-,-,videopress.py,2
Method,_real_extract,48,0.0,-,-,vidio.py,2
Method,_real_extract,83,0.0,-,-,vidlii.py,2
Method,_real_extract,89,0.0,-,-,vidme.py,2
Method,_entries,19,0.0,-,-,vidme.py,3
Method,_real_extract,10,0.0,-,-,vidme.py,2
Method,_real_initialize,2,0.0,-,-,vier.py,1
Method,_login,22,0.0,-,-,vier.py,2
Method,_real_extract,68,0.0,-,-,vier.py,2
Method,_real_extract,29,0.0,-,-,vier.py,2
Method,_extract_url,7,0.0,-,-,viewlift.py,1
Method,_real_extract,58,0.0,-,-,viewlift.py,2
Method,_real_extract,102,0.0,-,-,viewlift.py,2
Method,_real_extract,69,0.035714300000000004,-,-,viidea.py,2
Method,_prepare_call,15,0.0625,-,-,viki.py,4
Method,_call_api,15,0.0,-,-,viki.py,6
Method,_raise_error,4,0.0,-,-,viki.py,2
Method,_check_errors,8,0.0,-,-,viki.py,2
Method,_real_initialize,2,0.0,-,-,viki.py,1
Method,_login,17,0.0,-,-,viki.py,1
Method,dict_selection,10,0.0,-,-,viki.py,3
Method,_real_extract,106,0.0319149,-,-,viki.py,2
Method,_real_extract,28,0.0,-,-,viki.py,2
Method,_extract_spruto,19,0.0,-,-,vimple.py,3
Method,_real_extract,12,0.0,-,-,vimple.py,2
Method,_extract_urls,7,0.0,-,-,viqeo.py,1
Method,_real_extract,51,0.0,-,-,viqeo.py,2
Method,_real_extract,51,0.0232558,-,-,vodlocker.py,2
Method,_real_extract,63,0.0172414,-,-,voicerepublic.py,2
Method,_real_extract,56,0.0,-,-,voot.py,2
Method,_real_extract,70,0.0,-,-,vporn.py,2
Method,_call_api,22,0.0,-,-,vrv.py,5
Method,_call_cms,6,0.0,-,-,vrv.py,4
Method,_set_api_params,6,0.0,-,-,vrv.py,3
Method,_get_cms_resource,5,0.0,-,-,vrv.py,3
Method,_extract_vrv_formats,26,0.0,-,-,vrv.py,6
Method,_real_extract,71,0.0,-,-,vrv.py,2
Method,_real_extract,22,0.0,-,-,vrv.py,2
Method,_extract_urls,5,0.0,-,-,vshare.py,1
Method,_extract_packed,10,0.0,-,-,vshare.py,2
Method,_real_extract,29,0.0,-,-,vshare.py,2
Method,_real_extract,72,0.0,-,-,vube.py,2
Method,_real_extract,42,0.027777800000000002,-,-,vuclip.py,2
Method,_real_initialize,4,0.0,-,-,vvvvid.py,1
Method,_real_extract,59,0.0,-,-,vvvvid.py,2
Method,_extract_urls,5,0.0,-,-,vzaar.py,1
Method,_real_extract,49,0.0,-,-,vzaar.py,2
Method,_real_extract,40,0.0,-,-,watchindianporn.py,2
Method,_real_extract,63,0.037037,-,-,webofstories.py,2
Method,_real_extract,28,0.0,-,-,webofstories.py,2
Method,_real_extract,26,0.0,-,-,wimp.py,2
Method,_extract_url,18,0.0,-,-,wistia.py,1
Method,_real_extract,62,0.0178571,-,-,wistia.py,2
Method,_real_extract,20,0.0,-,-,worldstarhiphop.py,2
Method,_real_extract,57,0.0196078,-,-,wsj.py,2
Method,_real_extract,6,0.0,-,-,wsj.py,2
Method,_real_extract,24,0.0,-,-,xbef.py,2
Method,_real_extract,27,0.0,-,-,xboxclips.py,2
Method,_real_extract,183,0.025,-,-,xhamster.py,2
Method,_extract_urls,5,0.0,-,-,xhamster.py,1
Method,_real_extract,16,0.0,-,-,xhamster.py,2
Method,_real_extract,44,0.0,-,-,xnxx.py,2
Method,_extract_video_info,68,0.0,-,-,xstream.py,3
Method,_real_extract,6,0.0,-,-,xstream.py,2
Method,_real_extract,64,0.0,-,-,xtube.py,2
Method,_real_extract,31,0.0,-,-,xtube.py,2
Method,_real_extract,60,0.0,-,-,xvideos.py,2
Method,_real_extract,51,0.0,-,-,xxxymovies.py,2
Method,_real_extract,84,0.0,-,-,yandexdisk.py,2
Method,_real_extract,35,0.0333333,-,-,yesjapan.py,2
Method,_real_extract,62,0.0185185,-,-,youjizz.py,2
Method,suitable,5,0.0,-,-,younow.py,2
Method,_real_extract,34,0.0,-,-,younow.py,2
Method,_entries,33,0.0,-,-,younow.py,3
Method,_real_extract,8,0.0,-,-,younow.py,2
Method,suitable,5,0.0,-,-,younow.py,2
Method,_real_extract,4,0.0,-,-,younow.py,2
Method,_real_extract,124,0.0841122,-,-,youporn.py,2
Method,_real_extract,22,0.0,-,-,yourporn.py,2
Method,_real_extract,20,0.0,-,-,yourupload.py,2
Method,_host_url,2,0.0,-,-,zattoo.py,1
Method,_login,26,0.0,-,-,zattoo.py,1
Method,_real_initialize,21,0.0526316,-,-,zattoo.py,1
Method,_extract_cid,17,0.0,-,-,zattoo.py,3
Method,_extract_cid_and_video_info,29,0.0,-,-,zattoo.py,2
Method,_extract_formats,65,0.0,-,-,zattoo.py,5
Method,_extract_video,14,0.0,-,-,zattoo.py,5
Method,_real_extract,3,0.0,-,-,zattoo.py,2
Method,suitable,3,0.0,-,-,zattoo.py,2
Method,_real_extract,3,0.0,-,-,zattoo.py,2
Method,_real_extract,3,0.0,-,-,zattoo.py,2
Method,suitable,3,0.0,-,-,zattoo.py,2
Method,_real_extract,3,0.0,-,-,zattoo.py,2
Method,_call_api,7,0.0,-,-,zdf.py,6
Method,_extract_player,7,0.0,-,-,zdf.py,4
Method,_extract_subtitles,11,0.0,-,-,zdf.py,1
Method,_extract_format,31,0.0,-,-,zdf.py,5
Method,_extract_entry,70,0.0,-,-,zdf.py,5
Method,_extract_regular,4,0.0,-,-,zdf.py,4
Method,_extract_mobile,38,0.0,-,-,zdf.py,2
Method,_real_extract,10,0.0,-,-,zdf.py,2
Method,suitable,3,0.0,-,-,zdf.py,2
Method,_real_extract,57,0.0,-,-,zdf.py,2
Method,__init__,2,0.0,-,-,common.py,2
Method,set_downloader,3,0.333333,-,-,common.py,2
Method,run,16,0.882353,-,-,common.py,2
Method,try_utime,5,0.0,-,-,common.py,5
Method,_configuration_args,2,0.0,-,-,common.py,2
Method,__init__,3,0.0,-,-,embedthumbnail.py,3
Method,run,65,0.04,-,-,embedthumbnail.py,2
Method,__init__,3,0.0,-,-,execafterdownload.py,3
Method,run,14,0.0,-,-,execafterdownload.py,2
Method,__init__,3,0.0,-,-,ffmpeg.py,2
Method,check_version,11,0.0,-,-,ffmpeg.py,1
Method,get_versions,3,0.0,-,-,ffmpeg.py,1
Method,_determine_executables,59,0.0,-,-,ffmpeg.py,1
Method,available,3,0.0,-,-,ffmpeg.py,1
Method,executable,3,0.0,-,-,ffmpeg.py,1
Method,probe_available,3,0.0,-,-,ffmpeg.py,1
Method,probe_executable,3,0.0,-,-,ffmpeg.py,1
Method,get_audio_codec,23,0.0,-,-,ffmpeg.py,2
Method,run_ffmpeg_multiple_files,28,0.0,-,-,ffmpeg.py,4
Method,run_ffmpeg,2,0.0,-,-,ffmpeg.py,4
Method,_ffmpeg_filename_argument,6,0.666667,-,-,ffmpeg.py,2
Method,__init__,7,0.0,-,-,ffmpeg.py,5
Method,run_ffmpeg,10,0.0,-,-,ffmpeg.py,5
Method,run,81,0.108108,-,-,ffmpeg.py,2
Method,__init__,3,0.0,-,-,ffmpeg.py,3
Method,run,16,0.0,-,-,ffmpeg.py,2
Method,run,53,0.0444444,-,-,ffmpeg.py,2
Method,run,56,0.0,-,-,ffmpeg.py,2
Method,run,8,0.0,-,-,ffmpeg.py,2
Method,can_merge,16,0.0666667,-,-,ffmpeg.py,1
Method,run,16,0.0,-,-,ffmpeg.py,2
Method,run,15,0.0,-,-,ffmpeg.py,2
Method,run,12,0.0,-,-,ffmpeg.py,2
Method,__init__,3,0.0,-,-,ffmpeg.py,3
Method,run,56,0.0,-,-,ffmpeg.py,2
Method,__init__,6,0.0,-,-,metadatafromtitle.py,3
Method,format_to_regex,17,0.41176499999999994,-,-,metadatafromtitle.py,2
Method,run,15,0.0,-,-,metadatafromtitle.py,2
Method,run,54,0.24074099999999998,-,-,xattrpp.py,2
